song,artist,entry_date,exit_date,days_observed,peak_position,peak_popularity,lifecycle_days,entry_date_check,entry_position,peak_date,peak_position_check,time_to_peak_days,album_type,total_tracks,is_explicit,duration_ms,duration_minutes,lifecycle_stage,retention_stability_index,duration_group,album_size_group,popularity_group,entry_month,longevity_score,stability_score,peak_score,content_maturity_score
0 CONFIANZA,Rvfv,2025-06-02,2025-06-23,20,23,62,22,2025-06-02,40,2025-06-07,23,5,album,20,False,217500,3.625,Growth Phase,0.95,3.5–4 min,16+ tracks,60–70,2025-06,0.038181818181818185,0.95,0.5510204081632653,0.4655788497217068
"1 de Enero, Puntacana",Rels B,2025-04-28,2025-04-28,1,45,65,1,2025-04-28,45,2025-04-28,45,0,album,13,False,95000,1.5833333333333333,New Entry,1.0,<2.5 min,11–15 tracks,60–70,2025-04,0.0,1.0,0.10204081632653061,0.33061224489795915
1000COSAS,Lola Indigo & Manuel Turizo,2025-03-10,2025-11-13,245,3,81,249,2025-03-10,3,2025-03-10,3,0,single,1,False,239482,3.9913666666666665,Peak Phase,0.9836734693877551,3.5–4 min,Single,80–90,2025-03,0.4509090909090909,0.9836734693877551,0.9591836734693877,0.7632207792207792
100xCiento,Foreign Teck & Eladio Carrion & De La Ghetto,2025-04-30,2025-05-15,11,13,75,16,2025-04-30,42,2025-05-11,13,11,single,1,True,219682,3.661366666666667,Growth Phase,0.7272727272727273,3.5–4 min,Single,70–80,2025-04,0.02727272727272727,0.7272727272727273,0.7551020408163265,0.455621521335807
14 FEBREROS,Quevedo,2025-11-24,2025-11-27,4,9,68,4,2025-11-24,9,2025-11-24,9,0,album,18,True,172422,2.8737,New Entry,1.0,2.5–3 min,16+ tracks,60–70,2025-11,0.005454545454545455,1.0,0.8367346938775511,0.5532022263450835
2AM,Sebastian Yatra & Bad Gyal,2025-11-24,2025-11-27,4,31,64,4,2025-11-24,41,2025-11-27,31,3,single,1,False,196426,3.2737666666666665,New Entry,1.0,3–3.5 min,Single,60–70,2025-11,0.005454545454545455,1.0,0.3877551020408163,0.41850834879406307
2xLL,JC Reyes & YOVNGCHIMI & Slayter,2025-07-12,2025-08-09,26,35,71,29,2025-07-12,50,2025-07-23,35,11,single,1,False,178909,2.9818166666666666,Growth Phase,0.9615384615384616,2.5–3 min,Single,70–80,2025-07,0.05090909090909091,0.9615384615384616,0.30612244897959184,0.40066190951905234
3 CAÍDAS,SAIKO,2025-04-28,2025-05-05,8,13,69,8,2025-04-28,13,2025-04-28,13,0,album,16,False,251565,4.19275,Mature Phase,1.0,>4 min,16+ tracks,60–70,2025-04,0.012727272727272728,1.0,0.7551020408163265,0.531621521335807
4 PREZ,Cruz Cafuné,2024-05-28,2024-05-29,2,35,56,2,2024-05-28,35,2024-05-28,35,0,album,23,True,149484,2.4914,New Entry,1.0,<2.5 min,16+ tracks,40–60,2024-05,0.0018181818181818182,1.0,0.30612244897959184,0.3925640074211503
4TO 23,Aitana,2025-07-07,2025-07-16,9,17,69,10,2025-07-07,17,2025-07-07,17,0,single,1,False,168320,2.8053333333333335,Mature Phase,0.8888888888888888,2.5–3 min,Single,60–70,2025-07,0.016363636363636365,0.8888888888888888,0.6734693877551021,0.47525293753865183
50 PALOS,Feid,2024-12-02,2024-12-02,1,38,0,1,2024-12-02,38,2024-12-02,38,0,album,10,True,167240,2.787333333333333,New Entry,1.0,2.5–3 min,6–10 tracks,,2024-12,0.0,1.0,0.24489795918367352,0.373469387755102
57,KAROL G & Feid & DFZM,2025-11-10,2025-11-27,18,8,85,18,2025-11-10,8,2025-11-10,8,0,single,1,True,298130,4.968833333333333,Peak Phase,1.0,>4 min,Single,80–90,2025-11,0.03090909090909091,1.0,0.8571428571428572,0.5695064935064935
58,JHAYCO,2025-09-08,2025-09-18,8,35,68,11,2025-09-08,35,2025-09-08,35,0,album,29,False,287586,4.7931,Decline Phase,0.75,>4 min,16+ tracks,60–70,2025-09,0.01818181818181818,0.75,0.30612244897959184,0.3241094619666048
69,Nicky Jam & Feid,2024-05-21,2024-06-30,41,22,87,41,2024-05-21,39,2024-05-31,22,10,single,1,True,221935,3.698916666666667,Growth Phase,1.0,3.5–4 min,Single,80–90,2024-05,0.07272727272727272,1.0,0.5714285714285714,0.5005194805194805
A 300,JC Reyes & Pedro Calderon,2024-08-06,2025-01-05,148,15,78,153,2024-08-06,50,2025-01-05,15,152,single,1,False,169208,2.820133333333333,Growth Phase,0.9932432432432432,2.5–3 min,Single,70–80,2024-08,0.27636363636363637,0.9932432432432432,0.7142857142857143,0.6228041418041418
A 300,JC Reyes & Pedro Calderon & Blacknife,2025-01-06,2025-04-24,107,11,79,109,2025-01-06,16,2025-01-14,11,8,single,1,False,169208,2.820133333333333,Mature Phase,0.9813084112149533,2.5–3 min,Single,70–80,2025-01,0.19636363636363635,0.9813084112149533,0.7959183673469388,0.611713488114022
ACHO PR,Bad Bunny,2024-10-14,2024-10-20,7,15,85,7,2024-10-14,15,2024-10-14,15,0,album,22,True,359647,5.994116666666667,New Entry,1.0,>4 min,16+ tracks,80–90,2024-10,0.01090909090909091,1.0,0.7142857142857143,0.5186493506493506
ADIVINO,Myke Towers,2025-08-24,2025-11-16,85,10,75,85,2025-08-24,10,2025-08-24,10,0,album,20,True,278644,4.644066666666666,Peak Phase,1.0,>4 min,16+ tracks,70–80,2025-08,0.15272727272727274,1.0,0.8163265306122449,0.6059888682745825
ADIVINO,Myke Towers & Bad Bunny,2025-04-28,2025-08-23,116,1,90,118,2025-04-28,1,2025-04-28,1,0,single,1,True,278644,4.644066666666666,Peak Phase,0.9827586206896551,>4 min,Single,80–90,2025-04,0.21272727272727274,0.9827586206896551,1.0,0.6799184952978057
ALAKRAN,Feid,2024-12-02,2024-12-05,3,24,73,4,2024-12-02,24,2024-12-02,24,0,album,10,False,90613,1.5102166666666668,New Entry,0.6666666666666666,<2.5 min,6–10 tracks,70–80,2024-12,0.005454545454545455,0.6666666666666666,0.5306122448979591,0.3613654916512059
AMANECIÓ,Quevedo,2025-11-24,2025-11-27,4,13,68,4,2025-11-24,13,2025-11-24,13,0,album,18,False,255333,4.25555,New Entry,1.0,>4 min,16+ tracks,60–70,2025-11,0.005454545454545455,1.0,0.7551020408163265,0.5287124304267161
AMARGURA,KAROL G,2024-05-26,2025-10-31,153,16,92,524,2024-05-26,50,2025-07-26,16,426,album,17,True,170480,2.8413333333333335,Growth Phase,0.9738562091503268,2.5–3 min,16+ tracks,90+,2024-05,0.9509090909090909,0.9738562091503268,0.6938775510204082,0.8806837644148569
APAGA EL CEL,FloyyMenor,2025-08-10,2025-09-04,14,22,72,26,2025-08-10,22,2025-08-10,22,0,album,7,True,184806,3.0801,Mature Phase,0.8571428571428571,3–3.5 min,6–10 tracks,70–80,2025-08,0.045454545454545456,0.8571428571428571,0.5714285714285714,0.4467532467532467
APAGA EL CEL,FloyyMenor & Lewis Somes,2025-05-26,2025-08-09,75,7,87,76,2025-05-26,48,2025-06-12,7,17,single,1,True,184806,3.0801,Peak Phase,0.9866666666666667,3–3.5 min,Single,80–90,2025-05,0.13636363636363635,0.9866666666666667,0.8775510204081632,0.6138107606679035
APT.,ROSÉ & Bruno Mars,2025-10-23,2025-11-01,7,42,96,10,2025-10-23,45,2025-10-30,42,7,single,1,False,169917,2.83195,Decline Phase,0.8571428571428571,2.5–3 min,Single,90+,2025-10,0.016363636363636365,0.8571428571428571,0.16326530612244894,0.3126679035250463
AQYNE,Aitana,2024-09-27,2024-09-29,3,40,73,3,2024-09-27,41,2024-09-28,40,1,album,15,False,181426,3.0237666666666665,New Entry,1.0,3–3.5 min,11–15 tracks,70–80,2024-09,0.0036363636363636364,1.0,0.20408163265306123,0.3626790352504638
ASI ES LA VIDA,Enrique Iglesias & Maria Becerra,2024-11-22,2025-03-23,67,38,84,122,2024-11-22,50,2025-01-31,38,70,single,1,False,172095,2.86825,Growth Phase,0.9104477611940298,2.5–3 min,Single,80–90,2024-11,0.22,0.9104477611940298,0.24489795918367352,0.434603716113311
ATTITUDE (FEAT. CHARLIE WILSON & CASH COBAIN),Don Toliver,2025-06-21,2025-06-21,1,46,69,1,2025-06-21,46,2025-06-21,46,0,album,16,True,161053,2.6842166666666665,New Entry,1.0,2.5–3 min,16+ tracks,60–70,2025-06,0.0,1.0,0.08163265306122447,0.32448979591836735
AUNQUE LLEGUE OTRO (feat. Jay Wheeler),Myke Towers,2025-08-24,2025-08-24,1,23,0,1,2025-08-24,23,2025-08-24,23,0,album,20,True,197800,3.296666666666667,New Entry,1.0,3–3.5 min,16+ tracks,,2025-08,0.0,1.0,0.5510204081632653,0.46530612244897956
AYER Y HOY,Mora,2024-08-30,2024-08-31,2,23,69,2,2024-08-30,23,2024-08-30,23,0,album,15,True,317016,5.2836,New Entry,1.0,>4 min,11–15 tracks,60–70,2024-08,0.0018181818181818182,1.0,0.5510204081632653,0.4660333951762523
Acróstico,Shakira,2024-05-18,2024-07-09,53,1,92,53,2024-05-18,3,2024-05-19,1,1,single,1,False,170785,2.846416666666667,Peak Phase,1.0,2.5–3 min,Single,90+,2024-05,0.09454545454545454,1.0,1.0,0.6378181818181818
Akureyri,Aitana & Sebastian Yatra,2025-04-28,2025-06-01,34,10,77,35,2025-04-28,10,2025-04-28,10,0,single,1,False,194400,3.24,Peak Phase,0.9705882352941176,3–3.5 min,Single,70–80,2025-04,0.06181818181818182,0.9705882352941176,0.8163265306122449,0.5608017024991814
Alegría,Tiago PZK,2025-09-28,2025-10-05,8,8,74,8,2025-09-28,48,2025-10-02,8,4,album,14,False,165054,2.7509,Peak Phase,1.0,2.5–3 min,11–15 tracks,70–80,2025-09,0.012727272727272728,1.0,0.8571428571428572,0.5622337662337662
All I Want for Christmas Is You,Mariah Carey,2024-12-03,2025-01-02,20,1,100,31,2024-12-03,49,2024-12-25,1,22,album,10,False,241106,4.018433333333333,Peak Phase,0.85,>4 min,6–10 tracks,90+,2024-12,0.05454545454545454,0.85,1.0,0.5768181818181819
Alucin,Eugenio Esquivel & Grupo Marca Registrada & Sebastian Esquivel,2025-01-13,2025-04-05,35,21,91,83,2025-01-13,48,2025-03-22,21,68,single,1,True,197114,3.2852333333333332,Growth Phase,0.8,3–3.5 min,Single,90+,2025-01,0.14909090909090908,0.8,0.5918367346938775,0.4771873840445269
Amanece,Anuel AA & Haze,2024-05-25,2025-07-06,15,47,85,408,2024-05-25,50,2024-06-23,47,29,single,1,False,190004,3.166733333333333,Decline Phase,0.8666666666666667,3–3.5 min,Single,80–90,2024-05,0.74,0.8666666666666667,0.061224489795918324,0.5743673469387756
Amar De Nuevo,Rauw Alejandro,2025-11-17,2025-11-17,1,45,64,1,2025-11-17,45,2025-11-17,45,0,album,18,True,268042,4.467366666666667,New Entry,1.0,>4 min,16+ tracks,60–70,2025-11,0.0,1.0,0.10204081632653061,0.33061224489795915
Andando,Morad,2024-05-18,2024-06-03,17,34,76,17,2024-05-18,40,2024-05-19,34,1,album,19,True,261713,4.361883333333333,Decline Phase,1.0,>4 min,16+ tracks,70–80,2024-05,0.02909090909090909,1.0,0.326530612244898,0.409595547309833
Antes,Rvfv & Edu García,2024-05-18,2024-07-22,58,29,79,66,2024-05-18,29,2024-05-18,29,0,single,1,False,153684,2.5614,Mature Phase,0.9655172413793104,2.5–3 min,Single,70–80,2024-05,0.11818181818181818,0.9655172413793104,0.4285714285714286,0.46549932825794893
Antidepresivos,Saiko,2024-08-06,2024-12-19,136,13,79,136,2024-08-06,13,2024-08-06,13,0,single,1,False,145384,2.4230666666666667,Mature Phase,1.0,<2.5 min,Single,70–80,2024-08,0.24545454545454545,1.0,0.7551020408163265,0.6247124304267161
Arena y Sal,Omar Montes & Saiko & Tunvao,2024-05-21,2025-01-20,242,3,86,245,2024-05-21,18,2024-08-06,3,77,single,1,False,174415,2.9069166666666666,Peak Phase,0.9958677685950413,2.5–3 min,Single,80–90,2024-05,0.44363636363636366,0.9958677685950413,0.9591836734693877,0.7639699780738741
Arranca (feat. Omega),Becky G & Omega,2024-05-18,2024-07-25,69,38,86,69,2024-05-18,38,2024-05-18,38,0,single,1,False,166529,2.7754833333333333,Decline Phase,1.0,2.5–3 min,Single,80–90,2024-05,0.12363636363636364,1.0,0.24489795918367352,0.4229239332096475
Ayer,DELLAFUENTE,2025-06-16,2025-06-18,2,37,50,3,2025-06-16,37,2025-06-16,37,0,album,10,False,155700,2.595,New Entry,0.5,2.5–3 min,6–10 tracks,40–60,2025-06,0.0036363636363636364,0.5,0.26530612244897955,0.2310463821892393
BABY HELLO,Rauw Alejandro,2024-07-09,2025-04-19,282,3,79,285,2024-07-09,3,2024-07-09,3,0,album,14,True,222461,3.707683333333333,Peak Phase,0.9893617021276596,3.5–4 min,11–15 tracks,70–80,2024-07,0.5163636363636364,0.9893617021276596,0.9591836734693877,0.7911090672245686
BABY HELLO,Rauw Alejandro & Bizarrap,2024-06-25,2024-07-08,14,2,89,14,2024-06-25,4,2024-06-28,2,3,single,1,True,222461,3.707683333333333,Peak Phase,1.0,3.5–4 min,Single,80–90,2024-06,0.023636363636363636,1.0,0.9795918367346939,0.6033320964749536
BABY NUEVA,Bad Bunny,2024-10-14,2024-10-28,15,12,90,15,2024-10-14,12,2024-10-14,12,0,album,22,True,240773,4.012883333333333,Mature Phase,1.0,>4 min,16+ tracks,80–90,2024-10,0.025454545454545455,1.0,0.7755102040816326,0.5428348794063079
BAD BOY,Chris Jedi & Gaby Music & Dei V,2025-02-11,2025-03-10,28,16,78,28,2025-02-11,16,2025-02-11,16,0,single,1,True,235146,3.9191,Mature Phase,1.0,3.5–4 min,Single,70–80,2025-02,0.04909090909090909,1.0,0.6938775510204082,0.527799628942486
BADGYAL,SAIKO,2025-04-28,2025-11-23,208,1,85,210,2025-04-28,4,2025-05-01,1,3,album,16,True,253962,4.2327,Peak Phase,0.9903846153846154,>4 min,16+ tracks,80–90,2025-04,0.38,0.9903846153846154,1.0,0.7491153846153846
BANDIT,Don Toliver,2025-06-21,2025-06-21,1,27,69,1,2025-06-21,27,2025-06-21,27,0,album,16,True,147706,2.4617666666666667,New Entry,1.0,<2.5 min,16+ tracks,60–70,2025-06,0.0,1.0,0.4693877551020408,0.4408163265306122
BATICANO,Bad Bunny,2024-10-14,2024-10-18,5,23,83,5,2024-10-14,23,2024-10-14,23,0,album,22,True,256000,4.266666666666667,New Entry,1.0,>4 min,16+ tracks,80–90,2024-10,0.007272727272727273,1.0,0.5510204081632653,0.4682152133580705
BBY BOO - REMIX,iZaak & Jhayco & Anuel AA,2025-03-30,2025-07-23,115,5,86,116,2025-03-30,32,2025-04-18,5,19,single,3,True,275862,4.5977,Peak Phase,0.991304347826087,>4 min,2–5 tracks,80–90,2025-03,0.20909090909090908,0.991304347826087,0.9183673469387755,0.6565378720658224
"BESAME (feat. Tiago PZK, Khea & Neo Pistea) - Remix",Bhavi & Seven Kayne & Milo j,2025-04-24,2025-05-06,11,28,85,13,2025-04-24,46,2025-04-26,28,2,single,1,True,284308,4.738466666666667,Growth Phase,0.8181818181818182,>4 min,Single,80–90,2025-04,0.02181818181818182,0.8181818181818182,0.44897959183673475,0.3888756957328386
BESO,ROSALÍA & Rauw Alejandro,2024-05-18,2024-10-06,142,4,96,142,2024-05-18,4,2024-05-18,4,0,single,3,False,194543,3.242383333333333,Peak Phase,1.0,3–3.5 min,2–5 tracks,90+,2024-05,0.25636363636363635,1.0,0.9387755102040817,0.6841781076066791
BESOS (with Kidd Keo & Neelo),SwaggGlock & Kidd Keo & Neelo,2024-09-14,2024-10-13,30,22,77,30,2024-09-14,38,2024-09-19,22,5,single,1,True,172852,2.8808666666666665,Growth Phase,1.0,2.5–3 min,Single,70–80,2024-09,0.05272727272727273,1.0,0.5714285714285714,0.49251948051948047
BIRDS OF A FEATHER,Billie Eilish,2025-06-12,2025-06-13,2,49,92,2,2025-06-12,49,2025-06-12,49,0,album,10,False,210373,3.5062166666666665,New Entry,1.0,3.5–4 min,6–10 tracks,90+,2025-06,0.0018181818181818182,1.0,0.020408163265306145,0.3068497217068646
BOREAL,SAIKO,2025-04-28,2025-05-01,4,22,65,4,2025-04-28,22,2025-04-28,22,0,album,16,False,165210,2.7535,New Entry,1.0,2.5–3 min,16+ tracks,60–70,2025-04,0.005454545454545455,1.0,0.5714285714285714,0.4736103896103896
BUBALU,Feid,2024-09-30,2024-10-06,7,26,72,7,2024-09-30,26,2024-09-30,26,0,album,15,False,228253,3.8042166666666666,New Entry,1.0,3.5–4 min,11–15 tracks,70–80,2024-09,0.01090909090909091,1.0,0.4897959183673469,0.4513024118738404
BUBALU,Feid & Rema,2024-09-24,2024-09-29,6,21,77,6,2024-09-24,23,2024-09-25,21,1,single,1,False,228253,3.8042166666666666,New Entry,1.0,3.5–4 min,Single,70–80,2024-09,0.00909090909090909,1.0,0.5918367346938775,0.4811873840445269
BUENAS NOCHES,Quevedo,2025-11-24,2025-11-27,4,18,66,4,2025-11-24,18,2025-11-24,18,0,album,18,False,238883,3.9813833333333335,New Entry,1.0,3.5–4 min,16+ tracks,60–70,2025-11,0.005454545454545455,1.0,0.653061224489796,0.49810018552875696
Bailando Bachata,Chayanne,2025-05-13,2025-06-02,9,45,78,21,2025-05-13,50,2025-06-01,45,19,album,9,False,170809,2.8468166666666668,Decline Phase,0.8888888888888888,2.5–3 min,6–10 tracks,70–80,2025-05,0.03636363636363636,0.8888888888888888,0.10204081632653061,0.31182436611008035
Baja Pa' Acá,Rauw Alejandro,2025-11-17,2025-11-20,4,22,72,4,2025-11-17,22,2025-11-17,22,0,album,18,True,200000,3.3333333333333335,New Entry,1.0,3–3.5 min,16+ tracks,70–80,2025-11,0.005454545454545455,1.0,0.5714285714285714,0.4736103896103896
Bandidona,Saiko,2024-10-29,2024-11-10,13,20,74,13,2024-10-29,20,2024-10-29,20,0,single,1,False,160941,2.68235,Mature Phase,1.0,2.5–3 min,Single,70–80,2024-10,0.02181818181818182,1.0,0.6122448979591837,0.4924007421150278
Barro,Duki,2025-10-20,2025-10-20,1,40,60,1,2025-10-20,40,2025-10-20,40,0,single,1,False,201052,3.3508666666666667,New Entry,1.0,3–3.5 min,Single,40–60,2025-10,0.0,1.0,0.20408163265306123,0.36122448979591837
Beautiful Things,Benson Boone,2025-03-13,2025-06-23,91,17,100,103,2025-03-13,47,2025-04-04,17,22,single,1,False,180304,3.0050666666666666,Growth Phase,0.9560439560439561,3–3.5 min,Single,90+,2025-03,0.18545454545454546,0.9560439560439561,0.6734693877551021,0.5630358213215356
Bendecido,Eladio Carrion,2025-01-21,2025-01-26,6,7,78,6,2025-01-21,7,2025-01-21,7,0,album,17,True,142736,2.3789333333333333,New Entry,1.0,<2.5 min,16+ tracks,70–80,2025-01,0.00909090909090909,1.0,0.8775510204081632,0.5669016697588126
Besitos BB 2.0,El Perla & Omar Montes & SAIKO,2025-10-16,2025-10-31,11,9,67,16,2025-10-16,9,2025-10-16,9,0,single,1,True,233693,3.8948833333333335,Peak Phase,0.8181818181818182,3.5–4 min,Single,60–70,2025-10,0.02727272727272727,0.8181818181818182,0.8367346938775511,0.5073840445269017
Beso Prohibido,Beny Jr,2025-09-07,2025-09-07,1,49,64,1,2025-09-07,49,2025-09-07,49,0,album,14,False,152866,2.5477666666666665,New Entry,1.0,2.5–3 min,11–15 tracks,60–70,2025-09,0.0,1.0,0.020408163265306145,0.30612244897959184
Brindis,Duki,2025-11-03,2025-11-07,3,30,70,5,2025-11-03,30,2025-11-03,30,0,album,15,True,180750,3.0125,New Entry,0.6666666666666666,3–3.5 min,11–15 tracks,60–70,2025-11,0.007272727272727273,0.6666666666666666,0.40816326530612246,0.32535807050092763
Buenas,Quevedo & SAIKO,2025-03-02,2025-03-12,11,39,80,11,2025-03-02,39,2025-03-02,39,0,single,1,False,192954,3.2159,Decline Phase,1.0,3–3.5 min,Single,70–80,2025-03,0.01818181818181818,1.0,0.22448979591836737,0.3746196660482375
Buenas,Quevedo & Saiko,2024-09-24,2025-03-01,159,1,87,159,2024-09-24,1,2024-09-24,1,0,single,1,False,192954,3.2159,Peak Phase,1.0,3–3.5 min,Single,80–90,2024-09,0.2872727272727273,1.0,1.0,0.7149090909090909
Buscando Money,TWENTY SIX & Tayson Kryss,2025-02-02,2025-04-17,73,4,87,75,2025-02-02,40,2025-02-15,4,13,single,2,False,150000,2.5,Peak Phase,0.9726027397260274,<2.5 min,2–5 tracks,80–90,2025-02,0.13454545454545455,0.9726027397260274,0.9387755102040817,0.6272316567972145
Buscarte Lejos,Duki,2025-11-03,2025-11-09,7,28,72,7,2025-11-03,33,2025-11-06,28,3,album,15,False,194447,3.2407833333333333,New Entry,1.0,3–3.5 min,11–15 tracks,70–80,2025-11,0.01090909090909091,1.0,0.44897959183673475,0.43905751391465675
CACHÉ,Myke Towers,2025-08-24,2025-08-24,1,47,0,1,2025-08-24,47,2025-08-24,47,0,album,20,True,196906,3.2817666666666665,New Entry,1.0,3–3.5 min,16+ tracks,,2025-08,0.0,1.0,0.061224489795918324,0.3183673469387755
CALL ME MAYBE,Duki,2024-12-10,2024-12-10,1,50,65,1,2024-12-10,50,2024-12-10,50,0,single,1,False,222401,3.7066833333333333,New Entry,1.0,3.5–4 min,Single,60–70,2024-12,0.0,1.0,0.0,0.3
CARITA TRISTE,Ana Mena & Emilia,2025-09-01,2025-11-23,84,9,78,84,2025-09-01,14,2025-09-07,9,6,single,1,False,175296,2.9216,Peak Phase,1.0,2.5–3 min,Single,70–80,2025-09,0.1509090909090909,1.0,0.8367346938775511,0.6113840445269016
CARTERA & TACOS,Myke Towers,2024-11-25,2024-11-25,1,47,0,1,2024-11-25,47,2024-11-25,47,0,album,23,True,129932,2.1655333333333333,New Entry,1.0,<2.5 min,16+ tracks,,2024-11,0.0,1.0,0.061224489795918324,0.3183673469387755
CHAPIADORA.COM,Quevedo,2025-11-24,2025-11-27,4,8,68,4,2025-11-24,8,2025-11-24,8,0,album,18,False,197418,3.2903,New Entry,1.0,3–3.5 min,16+ tracks,60–70,2025-11,0.005454545454545455,1.0,0.8571428571428572,0.5593246753246753
CHIHIRO,Billie Eilish,2025-05-19,2025-05-25,7,39,92,7,2025-05-19,39,2025-05-19,39,0,album,10,False,303440,5.057333333333333,New Entry,1.0,>4 min,6–10 tracks,90+,2025-05,0.01090909090909091,1.0,0.22448979591836737,0.3717105751391465
CHORRITO PA LAS ANIMAS,Feid,2024-05-18,2024-06-14,28,32,91,28,2024-05-18,32,2024-05-18,32,0,single,6,True,168133,2.802216666666667,Decline Phase,1.0,2.5–3 min,6–10 tracks,90+,2024-05,0.04909090909090909,1.0,0.36734693877551017,0.42984044526901666
CHULA,JC Reyes,2024-12-28,2025-01-20,8,49,73,24,2024-12-28,50,2025-01-17,49,20,single,1,False,152842,2.5473666666666666,Decline Phase,0.875,2.5–3 min,Single,70–80,2024-12,0.04181818181818182,0.875,0.020408163265306145,0.28534972170686457
CLASSY 101,Feid,2024-12-02,2025-01-17,28,16,84,47,2024-12-02,16,2024-12-02,16,0,album,10,True,195586,3.2597666666666667,Mature Phase,0.9642857142857143,3–3.5 min,6–10 tracks,80–90,2024-12,0.08363636363636363,0.9642857142857143,0.6938775510204082,0.5309035250463822
CLASSY 101,Feid & Young Miko,2024-12-01,2024-12-01,1,35,92,1,2024-12-01,35,2024-12-01,35,0,single,1,True,195986,3.2664333333333335,New Entry,1.0,3–3.5 min,Single,90+,2024-12,0.0,1.0,0.30612244897959184,0.39183673469387753
COCO LOCO,Maluma,2024-07-01,2024-11-26,113,9,88,149,2024-07-01,50,2024-08-06,9,36,single,1,False,166734,2.7789,Peak Phase,0.9823008849557522,2.5–3 min,Single,80–90,2024-07,0.2690909090909091,0.9823008849557522,0.8367346938775511,0.6533470372863546
COLMILLO,Tainy,2024-10-19,2024-11-14,9,18,78,27,2024-10-19,44,2024-11-10,18,22,album,20,True,265999,4.433316666666666,Growth Phase,0.8888888888888888,>4 min,16+ tracks,70–80,2024-10,0.04727272727272727,0.8888888888888888,0.653061224489796,0.4814941249226964
COMETA HALLEY,SAIKO,2025-04-28,2025-05-05,8,24,69,8,2025-04-28,24,2025-04-28,24,0,album,16,True,230549,3.8424833333333335,Mature Phase,1.0,3.5–4 min,16+ tracks,60–70,2025-04,0.012727272727272728,1.0,0.5306122448979591,0.4642745825602968
COMO SUENAN LAS ESTRELLAS,SAIKO,2025-04-28,2025-05-19,22,24,73,22,2025-04-28,28,2025-04-30,24,2,album,16,False,138677,2.3112833333333334,Mature Phase,1.0,<2.5 min,16+ tracks,70–80,2025-04,0.038181818181818185,1.0,0.5306122448979591,0.474456400742115
COMPETENCIA,Myke Towers,2025-08-24,2025-08-25,2,19,61,2,2025-08-24,19,2025-08-24,19,0,album,20,True,190826,3.1804333333333332,New Entry,1.0,3–3.5 min,16+ tracks,60–70,2025-08,0.0018181818181818182,1.0,0.6326530612244898,0.49052319109461967
COMUNA 3,JC Reyes & The Rude Boyz,2025-05-16,2025-05-17,2,38,61,2,2025-05-16,47,2025-05-17,38,1,single,1,False,154128,2.5688,New Entry,1.0,2.5–3 min,Single,60–70,2025-05,0.0018181818181818182,1.0,0.24489795918367352,0.37419666048237477
COMUNA 3,JC Reyes & The Rudeboyz,2025-05-18,2025-09-17,120,12,75,123,2025-05-18,38,2025-06-05,12,18,single,1,False,154128,2.5688,Growth Phase,0.975,2.5–3 min,Single,70–80,2025-05,0.22181818181818183,0.975,0.7755102040816326,0.6138803339517626
CONTIGO (with Tiësto),KAROL G & Tiësto,2025-02-17,2025-03-24,35,13,90,36,2025-02-17,19,2025-02-18,13,1,single,1,False,192786,3.2131,Mature Phase,0.9714285714285714,3–3.5 min,Single,80–90,2025-02,0.06363636363636363,0.9714285714285714,0.7551020408163265,0.5434137291280148
CORAZÓN VACÍO,Maria Becerra,2024-07-05,2024-10-13,101,19,90,101,2024-07-05,40,2024-07-19,19,14,single,1,False,160535,2.6755833333333334,Growth Phase,1.0,2.5–3 min,Single,80–90,2024-07,0.18181818181818182,1.0,0.6326530612244898,0.5625231910946197
CORLEONE,Saiko,2024-12-24,2025-01-15,20,21,69,23,2024-12-24,21,2024-12-24,21,0,album,7,False,192000,3.2,Mature Phase,0.95,3–3.5 min,6–10 tracks,60–70,2024-12,0.04,0.95,0.5918367346938775,0.4785510204081632
CORLEONE,Saiko & Yandel,2024-12-17,2024-12-23,7,16,70,7,2024-12-17,32,2024-12-21,16,4,single,1,False,192000,3.2,New Entry,1.0,3–3.5 min,Single,60–70,2024-12,0.01090909090909091,1.0,0.6938775510204082,0.5125269016697588
COSAS QUE NO TE DIJE,SAIKO,2025-03-02,2025-04-27,55,25,84,57,2025-03-02,30,2025-03-04,25,2,single,1,False,224725,3.745416666666667,Mature Phase,0.9636363636363636,3.5–4 min,Single,80–90,2025-03,0.10181818181818182,0.9636363636363636,0.5102040816326531,0.4828794063079777
COSAS QUE NO TE DIJE,Saiko,2024-08-16,2025-03-01,198,7,84,198,2024-08-16,42,2024-12-12,7,118,single,1,False,224725,3.745416666666667,Peak Phase,1.0,3.5–4 min,Single,80–90,2024-08,0.35818181818181816,1.0,0.8775510204081632,0.7065380333951763
COSMETICOS,Myke Towers,2024-11-25,2024-11-29,2,33,70,5,2024-11-25,33,2024-11-25,33,0,album,23,True,141862,2.3643666666666667,New Entry,0.5,<2.5 min,16+ tracks,60–70,2024-11,0.007272727272727273,0.5,0.34693877551020413,0.25699072356215213
CRUSH,Sky Rompiendo & Dei V,2025-04-07,2025-08-23,137,15,78,139,2025-04-07,47,2025-04-27,15,20,single,1,False,233333,3.8888833333333332,Growth Phase,0.9854014598540146,3.5–4 min,Single,70–80,2025-04,0.2509090909090909,0.9854014598540146,0.7142857142857143,0.610269788605555
CYBERTRUCK,Bad Bunny,2024-10-14,2024-10-21,8,8,87,8,2024-10-14,8,2024-10-14,8,0,album,22,True,191959,3.199316666666667,Peak Phase,1.0,3–3.5 min,16+ tracks,80–90,2024-10,0.012727272727272728,1.0,0.8571428571428572,0.5622337662337662
Cafe Malibú,Sech & Mora & Saiko,2024-07-23,2024-09-19,59,9,81,59,2024-07-23,10,2024-07-25,9,2,single,1,True,260307,4.33845,Peak Phase,1.0,>4 min,Single,80–90,2024-07,0.10545454545454545,1.0,0.8367346938775511,0.5932022263450835
Cangrinaje,Cruz Cafuné,2024-05-28,2024-05-28,1,48,56,1,2024-05-28,48,2024-05-28,48,0,album,23,True,211765,3.5294166666666666,New Entry,1.0,3.5–4 min,16+ tracks,40–60,2024-05,0.0,1.0,0.04081632653061229,0.3122448979591837
Capri Sun,B10 & Kilvertz,2025-07-31,2025-08-14,14,34,70,15,2025-07-31,46,2025-08-05,34,5,single,1,False,168727,2.812116666666667,Growth Phase,0.9285714285714286,2.5–3 min,Single,60–70,2025-07,0.025454545454545455,0.9285714285714286,0.326530612244898,0.38671243042671616
Casanova,Soolking & Lola Indigo & Rvfv,2024-12-10,2025-05-29,168,1,84,171,2024-12-10,12,2025-01-01,1,22,single,1,False,243806,4.063433333333333,Peak Phase,0.9821428571428571,>4 min,Single,80–90,2024-12,0.3090909090909091,0.9821428571428571,1.0,0.7182792207792208
Caserio,Yandel & SAIKO,2025-03-10,2025-03-10,1,41,59,1,2025-03-10,41,2025-03-10,41,0,single,1,True,189524,3.158733333333333,New Entry,1.0,3–3.5 min,Single,40–60,2025-03,0.0,1.0,0.18367346938775508,0.3551020408163265
Celine (with Kidd Keo),Ghost Killer Track & Kidd Keo,2025-10-03,2025-11-27,55,9,73,56,2025-10-03,50,2025-10-18,9,15,single,1,False,176017,2.9336166666666665,Peak Phase,0.9818181818181818,2.5–3 min,Single,70–80,2025-10,0.1,0.9818181818181818,0.8367346938775511,0.5855658627087199
Cha Cha Cha,Käärijä,2024-05-18,2024-05-20,3,37,88,3,2024-05-18,37,2024-05-18,37,0,single,1,False,175161,2.91935,New Entry,1.0,2.5–3 min,Single,80–90,2024-05,0.0036363636363636364,1.0,0.26530612244897955,0.38104638218923925
Chulo pt.2,Bad Gyal & Tokischa & Young Miko,2024-06-24,2024-10-13,87,22,91,112,2024-06-24,25,2024-06-28,22,4,single,1,True,219333,3.65555,Mature Phase,0.9885057471264368,3.5–4 min,Single,90+,2024-06,0.2018181818181818,0.9885057471264368,0.5714285714285714,0.5487075682937751
Cine 🚬,Duki,2025-11-03,2025-11-03,1,42,61,1,2025-11-03,42,2025-11-03,42,0,album,15,True,142957,2.382616666666667,New Entry,1.0,<2.5 min,11–15 tracks,60–70,2025-11,0.0,1.0,0.16326530612244894,0.34897959183673466
Classy 101,Feid & Young Miko,2024-05-18,2024-11-30,182,7,97,197,2024-05-18,7,2024-05-18,7,0,single,1,True,195986,3.2664333333333335,Peak Phase,0.9945054945054945,3–3.5 min,Single,90+,2024-05,0.3563636363636364,0.9945054945054945,0.8775510204081632,0.704162409019552
Clavaito,Chanel & Abraham Mateo,2024-05-18,2025-01-04,153,6,85,232,2024-05-18,8,2024-06-02,6,15,single,1,False,162740,2.7123333333333335,Peak Phase,0.9934640522875817,2.5–3 min,Single,80–90,2024-05,0.42,0.9934640522875817,0.8979591836734694,0.7354269707883153
Coco Chanel,Eladio Carrion,2024-05-18,2024-09-29,127,16,93,135,2024-05-18,17,2024-05-24,16,6,album,18,True,208125,3.46875,Mature Phase,0.984251968503937,3–3.5 min,16+ tracks,90+,2024-05,0.24363636363636362,0.984251968503937,0.6938775510204082,0.600893401311849
Cohete,Shakira,2025-03-24,2025-03-30,6,21,75,7,2025-03-24,21,2025-03-24,21,0,album,17,False,172503,2.87505,New Entry,0.8333333333333334,2.5–3 min,16+ tracks,70–80,2025-03,0.01090909090909091,0.8333333333333334,0.5918367346938775,0.43191465677179963
Columbia,Quevedo,2024-07-08,2025-11-02,463,1,97,483,2024-07-08,39,2024-07-09,1,1,single,1,False,186000,3.1,Peak Phase,0.9870410367170627,3–3.5 min,Single,90+,2024-07,0.8763636363636363,0.9870410367170627,1.0,0.9466577655605735
Committed,Rauw Alejandro,2025-11-17,2025-11-17,1,29,66,1,2025-11-17,29,2025-11-17,29,0,album,18,True,159344,2.6557333333333335,New Entry,1.0,2.5–3 min,16+ tracks,60–70,2025-11,0.0,1.0,0.4285714285714286,0.4285714285714286
Como Camarón,Estopa,2024-11-29,2025-02-21,35,32,75,85,2024-11-29,49,2025-01-03,32,35,album,12,False,202026,3.3671,Growth Phase,0.9142857142857143,3–3.5 min,11–15 tracks,70–80,2024-11,0.15272727272727274,0.9142857142857143,0.36734693877551017,0.4455807050092764
Conexión,Cano,2025-10-27,2025-11-14,14,27,58,19,2025-10-27,27,2025-10-27,27,0,album,10,False,188160,3.136,Mature Phase,0.9285714285714286,3–3.5 min,6–10 tracks,40–60,2025-10,0.03272727272727273,0.9285714285714286,0.4693877551020408,0.4324786641929499
Conexión,Cano & JC Reyes,2025-10-25,2025-10-26,2,40,63,2,2025-10-25,46,2025-10-26,40,1,single,1,False,188160,3.136,New Entry,1.0,3–3.5 min,Single,60–70,2025-10,0.0018181818181818182,1.0,0.20408163265306123,0.3619517625231911
Constelación,Duki,2025-11-03,2025-11-10,8,26,70,8,2025-11-03,26,2025-11-03,26,0,album,15,False,200631,3.34385,Mature Phase,1.0,3–3.5 min,11–15 tracks,60–70,2025-11,0.012727272727272728,1.0,0.4897959183673469,0.45202968460111315
Constelación,Duki & Lia Kali,2025-11-01,2025-11-02,2,29,62,2,2025-11-01,29,2025-11-01,29,0,single,1,False,200631,3.34385,New Entry,1.0,3–3.5 min,Single,60–70,2025-11,0.0018181818181818182,1.0,0.4285714285714286,0.4292987012987013
Copa Vacía,Shakira & Manuel Turizo,2024-07-02,2024-07-28,27,16,88,27,2024-07-02,16,2024-07-02,16,0,single,1,False,173547,2.89245,Mature Phase,1.0,2.5–3 min,Single,80–90,2024-07,0.04727272727272727,1.0,0.6938775510204082,0.5270723562152133
Corazón Roto - Remix,Brray & Jhayco & Ryan Castro,2024-08-10,2024-09-13,33,26,87,35,2024-08-10,49,2024-09-09,26,30,single,1,True,275040,4.584,Growth Phase,0.9696969696969697,>4 min,Single,80–90,2024-08,0.06181818181818182,0.9696969696969697,0.4897959183673469,0.46257513914656767
Corazón Roto pt. 3,Brray & Anuel AA & Chencho Corleone,2024-09-13,2025-02-04,104,21,86,145,2024-09-13,35,2024-09-27,21,14,single,1,True,348400,5.806666666666667,Growth Phase,0.9519230769230769,>4 min,Single,80–90,2024-09,0.26181818181818184,0.9519230769230769,0.5918367346938775,0.567855216212359
Cosa Nuestra,Rauw Alejandro,2025-11-17,2025-11-18,2,16,70,2,2025-11-17,16,2025-11-17,16,0,album,18,True,260454,4.3409,New Entry,1.0,>4 min,16+ tracks,60–70,2025-11,0.0018181818181818182,1.0,0.6938775510204082,0.5088905380333952
Cosas Pendientes,Maluma,2025-11-24,2025-11-27,2,37,73,4,2025-11-24,48,2025-11-27,37,3,single,1,False,184462,3.0743666666666667,New Entry,0.5,3–3.5 min,Single,70–80,2025-11,0.005454545454545455,0.5,0.26530612244897955,0.23177365491651203
Cruel Summer,Taylor Swift,2025-06-01,2025-06-01,1,39,94,1,2025-06-01,39,2025-06-01,39,0,album,18,False,178426,2.9737666666666667,New Entry,1.0,2.5–3 min,16+ tracks,90+,2025-06,0.0,1.0,0.22448979591836737,0.36734693877551017
Cuando Te Vi | CROSSOVER #5,Big One & Maria Becerra & Trueno,2025-07-05,2025-10-28,114,11,83,116,2025-07-05,43,2025-08-14,11,40,single,5,True,218400,3.64,Growth Phase,0.9824561403508771,3.5–4 min,2–5 tracks,80–90,2025-07,0.20909090909090908,0.9824561403508771,0.7959183673469388,0.6171487159457083
Cupido,Engel Montaz & Kuv507 & Latinnites Music,2025-04-18,2025-06-05,15,22,77,49,2025-04-18,50,2025-04-23,22,5,single,1,False,215000,3.5833333333333335,Growth Phase,0.8,3.5–4 min,Single,70–80,2025-04,0.08727272727272728,0.8,0.5714285714285714,0.44633766233766226
Cupido,TINI,2024-05-18,2024-09-12,105,17,84,118,2024-05-18,19,2024-05-19,17,1,album,14,False,174369,2.90615,Mature Phase,0.9904761904761905,2.5–3 min,11–15 tracks,80–90,2024-05,0.21272727272727274,0.9904761904761905,0.6734693877551021,0.5842745825602969
CÓRCEGA,Mora,2024-08-30,2024-09-02,4,17,74,4,2024-08-30,17,2024-08-30,17,0,album,15,True,189001,3.1500166666666667,New Entry,1.0,3–3.5 min,11–15 tracks,70–80,2024-08,0.005454545454545455,1.0,0.6734693877551021,0.5042226345083488
Cómo Te Atreves,Morat,2025-03-02,2025-03-02,1,45,78,1,2025-03-02,45,2025-03-02,45,0,album,12,False,240560,4.009333333333333,New Entry,1.0,>4 min,11–15 tracks,70–80,2025-03,0.0,1.0,0.10204081632653061,0.33061224489795915
Cúrame,Rauw Alejandro,2025-08-01,2025-08-16,15,41,84,16,2025-08-01,46,2025-08-10,41,9,album,14,True,164705,2.7450833333333335,Decline Phase,0.9333333333333333,2.5–3 min,11–15 tracks,80–90,2025-08,0.02727272727272727,0.9333333333333333,0.18367346938775508,0.3460111317254174
DE PLASTILINA,Lola Indigo & Pepe y Vizio,2024-10-21,2024-10-22,2,40,32,2,2024-10-21,40,2024-10-21,40,0,single,1,False,209533,3.4922166666666667,New Entry,1.0,3–3.5 min,Single,<40,2024-10,0.0018181818181818182,1.0,0.20408163265306123,0.3619517625231911
DEGENERE 👑 (feat. benny blanco),Myke Towers,2025-10-20,2025-11-27,39,1,84,39,2025-10-20,9,2025-10-25,1,5,album,30,True,130880,2.1813333333333333,Peak Phase,1.0,<2.5 min,16+ tracks,80–90,2025-10,0.06909090909090909,1.0,1.0,0.6276363636363635
DEMO #5: nostalgIA - Spanglish Version,FlowGPT,2024-11-08,2024-11-09,2,12,45,2,2024-11-08,20,2024-11-09,12,1,single,1,True,220405,3.6734166666666668,New Entry,1.0,3.5–4 min,Single,40–60,2024-11,0.0018181818181818182,1.0,0.7755102040816326,0.5333803339517625
DEPORTIVO,Blessd & Anuel AA,2025-11-16,2025-11-23,4,35,73,8,2025-11-16,50,2025-11-23,35,7,single,1,True,218701,3.645016666666667,Growth Phase,0.75,3.5–4 min,Single,70–80,2025-11,0.012727272727272728,0.75,0.30612244897959184,0.3219276437847866
DESATAAA,Ovy On The Drums & Myke Towers & SAIKO,2025-03-17,2025-05-24,66,6,78,69,2025-03-17,9,2025-03-21,6,4,single,1,True,197383,3.2897166666666666,Peak Phase,0.9696969696969697,3–3.5 min,Single,70–80,2025-03,0.12363636363636364,0.9696969696969697,0.8979591836734694,0.6097513914656771
DESATAAA,Ovy On The Drums & Myke Towers & Saiko,2025-04-26,2025-07-09,47,28,78,75,2025-04-26,36,2025-05-28,28,32,single,1,True,197383,3.2897166666666666,Mature Phase,0.9574468085106383,3–3.5 min,Single,70–80,2025-04,0.13454545454545455,0.9574468085106383,0.44897959183673475,0.47574610192239375
DESPECHÁ,ROSALÍA,2024-05-22,2025-01-02,51,39,86,226,2024-05-22,43,2024-06-12,39,21,album,24,False,156787,2.6131166666666665,Decline Phase,0.8431372549019608,2.5–3 min,16+ tracks,80–90,2024-05,0.4090909090909091,0.8431372549019608,0.22448979591836737,0.48392447888246215
DESQUITE,Feid,2024-12-02,2024-12-02,1,39,0,1,2024-12-02,39,2024-12-02,39,0,album,10,False,133546,2.2257666666666664,New Entry,1.0,<2.5 min,6–10 tracks,,2024-12,0.0,1.0,0.22448979591836737,0.36734693877551017
DIABLA,Los Diozes,2025-10-27,2025-11-20,25,17,70,25,2025-10-27,50,2025-11-03,17,7,album,8,True,217945,3.632416666666667,Growth Phase,1.0,3.5–4 min,6–10 tracks,60–70,2025-10,0.04363636363636364,1.0,0.6734693877551021,0.519495361781076
DIABLITA (feat. YOVNGCHIMI),Myke Towers,2025-08-24,2025-09-04,9,34,70,12,2025-08-24,34,2025-08-24,34,0,album,20,True,185960,3.0993333333333335,Decline Phase,0.8888888888888888,3–3.5 min,16+ tracks,60–70,2025-08,0.02,0.8888888888888888,0.326530612244898,0.37262585034013607
DIAMONDS,Mora,2024-08-30,2024-09-02,4,18,74,4,2024-08-30,18,2024-08-30,18,0,album,15,True,193367,3.2227833333333336,New Entry,1.0,3–3.5 min,11–15 tracks,70–80,2024-08,0.005454545454545455,1.0,0.653061224489796,0.49810018552875696
DILUVIO,Rauw Alejandro,2024-10-21,2025-10-14,188,3,91,359,2024-10-21,29,2024-11-16,3,26,album,14,True,197052,3.2842,Peak Phase,0.9840425531914894,3–3.5 min,11–15 tracks,90+,2024-10,0.6509090909090909,0.9840425531914894,0.9591836734693877,0.8433315043618994
DINERO y FAMA (feat. Omar Montes),Myke Towers,2025-08-24,2025-08-24,1,40,0,1,2025-08-24,40,2025-08-24,40,0,album,20,True,215946,3.5991,New Entry,1.0,3.5–4 min,16+ tracks,,2025-08,0.0,1.0,0.20408163265306123,0.36122448979591837
DONDE SE APRENDE A QUERER?,Mora,2024-08-30,2025-02-17,152,3,88,172,2024-08-30,3,2024-08-30,3,0,album,15,False,144427,2.4071166666666666,Peak Phase,0.9605263157894737,<2.5 min,11–15 tracks,80–90,2024-08,0.3109090909090909,0.9605263157894737,0.9591836734693877,0.7002766331412948
DUBAI,Trueno & Beny Jr,2024-06-15,2024-06-22,8,47,77,8,2024-06-15,50,2024-06-17,47,2,single,1,False,146000,2.433333333333333,Decline Phase,1.0,<2.5 min,Single,70–80,2024-06,0.012727272727272728,1.0,0.061224489795918324,0.3234582560296846
DURO,Quevedo,2025-11-02,2025-11-27,26,1,76,26,2025-11-02,1,2025-11-02,1,0,single,1,False,162204,2.7034,Peak Phase,1.0,2.5–3 min,Single,70–80,2025-11,0.045454545454545456,1.0,1.0,0.6181818181818182
Dararí,Aitana,2024-09-24,2024-09-29,6,13,70,6,2024-09-24,13,2024-09-24,13,0,album,15,False,170346,2.8391,New Entry,1.0,2.5–3 min,11–15 tracks,60–70,2024-09,0.00909090909090909,1.0,0.7551020408163265,0.5301669758812616
Después De La 1,Cris Mj & FloyyMenor,2025-09-19,2025-11-23,63,11,87,66,2025-09-19,41,2025-09-27,11,8,single,2,True,177600,2.96,Growth Phase,0.9523809523809523,2.5–3 min,2–5 tracks,80–90,2025-09,0.11818181818181818,0.9523809523809523,0.7959183673469388,0.5717625231910946
Detrás del DJ,Rels B,2025-04-28,2025-04-28,1,39,66,1,2025-04-28,39,2025-04-28,39,0,album,13,True,119354,1.9892333333333334,New Entry,1.0,<2.5 min,11–15 tracks,60–70,2025-04,0.0,1.0,0.22448979591836737,0.36734693877551017
Diabólica,Cris Mj,2025-03-13,2025-08-19,156,14,80,160,2025-03-13,50,2025-03-23,14,10,album,17,True,192000,3.2,Growth Phase,0.9743589743589743,3–3.5 min,16+ tracks,70–80,2025-03,0.28909090909090907,0.9743589743589743,0.7346938775510203,0.628352219209362
Dicelo,Lianet Rivero & Lia & Gatillo,2024-10-20,2024-10-23,4,24,66,4,2024-10-20,29,2024-10-21,24,1,single,1,False,153563,2.5593833333333333,New Entry,1.0,2.5–3 min,Single,60–70,2024-10,0.005454545454545455,1.0,0.5306122448979591,0.4613654916512059
Die With A Smile,Lady Gaga & Bruno Mars,2025-08-31,2025-11-23,48,29,100,85,2025-08-31,50,2025-11-15,29,76,single,1,False,251667,4.19445,Growth Phase,0.8541666666666666,>4 min,Single,90+,2025-08,0.15272727272727274,0.8541666666666666,0.4285714285714286,0.4459123376623376
Dios #1,Cruz Cafuné,2024-05-28,2024-05-28,1,43,56,1,2024-05-28,43,2024-05-28,43,0,album,23,True,200125,3.3354166666666667,New Entry,1.0,3–3.5 min,16+ tracks,40–60,2024-05,0.0,1.0,0.1428571428571429,0.34285714285714286
Doblexxó,J Balvin,2025-08-10,2025-08-23,12,33,74,14,2025-08-10,33,2025-08-10,33,0,album,15,True,176720,2.945333333333333,Decline Phase,0.9166666666666666,2.5–3 min,11–15 tracks,70–80,2025-08,0.023636363636363636,0.9166666666666666,0.34693877551020413,0.38853617810760666
Duro De Verdad pt.2,Los Sufridos,2025-09-20,2025-09-20,1,39,55,1,2025-09-20,39,2025-09-20,39,0,single,1,False,204303,3.40505,New Entry,1.0,3–3.5 min,Single,40–60,2025-09,0.0,1.0,0.22448979591836737,0.36734693877551017
Duro De Verdad pt.2,Los Sufridos & Bad Gyal,2025-09-21,2025-11-27,68,1,77,68,2025-09-21,16,2025-09-27,1,6,single,1,False,204303,3.40505,Peak Phase,1.0,3–3.5 min,Single,70–80,2025-09,0.12181818181818181,1.0,1.0,0.6487272727272727
Déjame Entrar,Rauw Alejandro,2025-07-25,2025-11-23,9,17,75,122,2025-07-25,47,2025-11-17,17,115,single,1,True,254705,4.2450833333333335,Growth Phase,0.7777777777777778,>4 min,Single,70–80,2025-07,0.22,0.7777777777777778,0.6734693877551021,0.523374149659864
EL CHACAL,Mora,2024-08-30,2024-09-02,4,10,76,4,2024-08-30,10,2024-08-30,10,0,album,15,True,197787,3.29645,New Entry,1.0,3–3.5 min,11–15 tracks,70–80,2024-08,0.005454545454545455,1.0,0.8163265306122449,0.5470797773654916
EL CONDENAO,Lola Indigo,2024-12-17,2025-01-04,12,35,64,19,2024-12-17,49,2024-12-22,35,5,album,7,False,144829,2.4138166666666665,Growth Phase,0.75,<2.5 min,6–10 tracks,60–70,2024-12,0.03272727272727273,0.75,0.30612244897959184,0.3299276437847866
EL ESTRIBILLO,Quevedo,2025-11-24,2025-11-27,4,16,67,4,2025-11-24,16,2025-11-24,16,0,album,18,False,161444,2.690733333333333,New Entry,1.0,2.5–3 min,16+ tracks,60–70,2025-11,0.005454545454545455,1.0,0.6938775510204082,0.5103450834879406
EL PANTALON - RUMBAS,Omar Montes,2025-06-02,2025-09-12,101,2,72,103,2025-06-02,8,2025-06-16,2,14,album,11,False,193066,3.217766666666667,Peak Phase,0.9801980198019802,3–3.5 min,11–15 tracks,70–80,2025-06,0.18545454545454546,0.9801980198019802,0.9795918367346939,0.6621187751428204
EL TONTO,Lola Indigo,2024-05-18,2025-01-10,205,2,84,238,2024-05-18,2,2024-05-18,2,0,album,11,False,187986,3.1331,Peak Phase,0.9804878048780488,3–3.5 min,11–15 tracks,80–90,2024-05,0.4309090909090909,0.9804878048780488,0.9795918367346939,0.7603875288474591
EMPELOTICA,Lenny Tavárez & Feid,2025-02-25,2025-04-06,36,16,83,41,2025-02-25,33,2025-03-03,16,6,single,1,True,190322,3.1720333333333333,Growth Phase,0.8888888888888888,3–3.5 min,Single,80–90,2025-02,0.07272727272727272,0.8888888888888888,0.6938775510204082,0.5039208410636982
EMRATA,Myke Towers,2024-11-25,2024-11-25,1,46,0,1,2024-11-25,46,2024-11-25,46,0,album,23,True,225507,3.75845,New Entry,1.0,3.5–4 min,16+ tracks,,2024-11,0.0,1.0,0.08163265306122447,0.32448979591836735
EROTICAAAAAAA,Gonzy,2025-10-13,2025-10-31,15,38,62,19,2025-10-13,49,2025-10-25,38,12,album,18,True,169666,2.8277666666666668,Growth Phase,0.8666666666666667,2.5–3 min,16+ tracks,60–70,2025-10,0.03272727272727273,0.8666666666666667,0.24489795918367352,0.34656029684601114
ESKELETO,SAIKO,2025-04-28,2025-10-23,113,11,75,179,2025-04-28,12,2025-05-02,11,4,album,16,True,279893,4.664883333333333,Mature Phase,0.9646017699115044,>4 min,16+ tracks,70–80,2025-04,0.3236363636363636,0.9646017699115044,0.7959183673469388,0.6576105866320784
El Cielo,Sky Rompiendo & Feid & Myke Towers,2024-06-04,2025-03-09,271,2,94,279,2024-06-04,10,2024-06-10,2,6,single,1,True,191320,3.1886666666666668,Peak Phase,0.985239852398524,3–3.5 min,Single,90+,2024-06,0.5054545454545455,0.985239852398524,0.9795918367346939,0.7916313249217836
El Conjuntito,El Bobe & Omar Montes,2025-03-24,2025-09-23,180,1,81,184,2025-03-24,32,2025-04-09,1,16,single,1,False,158711,2.645183333333333,Peak Phase,0.9777777777777777,2.5–3 min,Single,80–90,2025-03,0.3327272727272727,0.9777777777777777,1.0,0.7264242424242424
El Destello,Juanjo Bona & Martin Urrutia,2025-10-06,2025-10-06,1,36,57,1,2025-10-06,36,2025-10-06,36,0,single,1,False,160684,2.6780666666666666,New Entry,1.0,2.5–3 min,Single,40–60,2025-10,0.0,1.0,0.2857142857142857,0.3857142857142857
El Fin del Mundo,La La Love You,2025-06-03,2025-11-23,98,37,70,174,2025-06-03,48,2025-08-25,37,83,album,18,False,188093,3.1348833333333332,Growth Phase,0.8673469387755102,3–3.5 min,16+ tracks,60–70,2025-06,0.3145454545454546,0.8673469387755102,0.26530612244897955,0.46561410018552873
El Jefe,Shakira & Fuerza Regida,2024-09-24,2024-10-03,10,31,85,10,2024-09-24,35,2024-09-27,31,3,single,1,True,170297,2.8382833333333335,Decline Phase,1.0,2.5–3 min,Single,80–90,2024-09,0.016363636363636365,1.0,0.3877551020408163,0.4228719851576994
El Malo,Eladio Carrion,2025-01-21,2025-02-17,27,20,81,28,2025-01-21,24,2025-01-25,20,4,album,17,False,209655,3.49425,Mature Phase,0.9629629629629629,3–3.5 min,16+ tracks,80–90,2025-01,0.04909090909090909,0.9629629629629629,0.6122448979591837,0.4921987219130076
El Mambo,Kiko Rivera,2024-10-04,2025-03-01,145,2,83,149,2024-10-04,39,2024-10-13,2,9,single,1,False,129845,2.164083333333333,Peak Phase,0.993103448275862,<2.5 min,Single,80–90,2024-10,0.2690909090909091,0.993103448275862,0.9795918367346939,0.6994449491395304
El Merengue,Marshmello,2024-11-04,2025-11-18,317,19,81,380,2024-11-04,20,2024-11-05,19,1,album,8,False,189668,3.1611333333333334,Mature Phase,0.9526813880126183,3–3.5 min,6–10 tracks,80–90,2024-11,0.6890909090909091,0.9526813880126183,0.6326530612244898,0.7512366984074961
El Merengue,Marshmello & Manuel Turizo,2024-05-18,2024-11-03,170,5,92,170,2024-05-18,5,2024-05-18,5,0,single,1,False,189668,3.1611333333333334,Peak Phase,1.0,3–3.5 min,Single,90+,2024-05,0.30727272727272725,1.0,0.9183673469387755,0.6984192949907235
El Patio,Pepe y Vizio & Delaossa & KIDDO,2025-02-22,2025-08-27,152,8,78,187,2025-02-22,47,2025-03-07,8,13,single,1,False,232645,3.8774166666666665,Peak Phase,0.9539473684210527,3.5–4 min,Single,70–80,2025-02,0.3381818181818182,0.9539473684210527,0.8571428571428572,0.6785997949419003
Ella Baila Sola,Eslabon Armado,2024-05-18,2024-08-09,84,9,94,84,2024-05-18,23,2024-06-03,9,16,album,16,False,165671,2.7611833333333333,Peak Phase,1.0,2.5–3 min,16+ tracks,90+,2024-05,0.1509090909090909,1.0,0.8367346938775511,0.6113840445269016
En To Lao,Haze & Jhayco,2024-06-15,2024-07-01,11,45,79,17,2024-06-15,47,2024-07-01,45,16,single,1,True,195033,3.25055,Decline Phase,0.8181818181818182,3–3.5 min,Single,70–80,2024-06,0.02909090909090909,0.8181818181818182,0.10204081632653061,0.28770315398886825
Enamórate,Nicki Nicole & Bad Gyal,2024-11-16,2024-12-01,15,31,76,16,2024-11-16,38,2024-11-18,31,2,single,1,False,147785,2.4630833333333335,Decline Phase,0.9333333333333333,<2.5 min,Single,70–80,2024-11,0.02727272727272727,0.9333333333333333,0.3877551020408163,0.4072356215213358
Es un Secreto,Plan B,2025-06-22,2025-07-04,13,37,84,13,2025-06-22,48,2025-06-30,37,8,album,15,False,192120,3.202,Growth Phase,1.0,3–3.5 min,11–15 tracks,80–90,2025-06,0.02181818181818182,1.0,0.26530612244897955,0.38831910946196657
Escriurem,Chiara Oliver & Martin Urrutia,2025-01-25,2025-01-25,1,47,56,1,2025-01-25,47,2025-01-25,47,0,single,1,False,189146,3.152433333333333,New Entry,1.0,3–3.5 min,Single,40–60,2025-01,0.0,1.0,0.061224489795918324,0.3183673469387755
Espectacular,Sky Rompiendo & Rauw Alejandro,2025-04-25,2025-04-27,2,49,76,3,2025-04-25,49,2025-04-25,49,0,single,1,False,185739,3.09565,New Entry,0.5,3–3.5 min,Single,70–80,2025-04,0.0036363636363636364,0.5,0.020408163265306145,0.1575769944341373
Espresso,Sabrina Carpenter,2025-06-09,2025-07-03,24,39,99,25,2025-06-09,49,2025-06-28,39,19,single,1,True,175459,2.9243166666666665,Growth Phase,0.9583333333333334,2.5–3 min,Single,90+,2025-06,0.04363636363636364,0.9583333333333334,0.22448979591836737,0.3723014842300556
Espresso Martini,Rauw Alejandro,2025-11-17,2025-11-21,5,21,74,5,2025-11-17,21,2025-11-17,21,0,album,18,True,191219,3.1869833333333335,New Entry,1.0,3–3.5 min,16+ tracks,70–80,2025-11,0.007272727272727273,1.0,0.5918367346938775,0.4804601113172542
Europapa,Joost,2025-05-14,2025-05-18,5,33,86,5,2025-05-14,40,2025-05-15,33,1,single,2,False,160218,2.6703,New Entry,1.0,2.5–3 min,2–5 tracks,80–90,2025-05,0.007272727272727273,1.0,0.34693877551020413,0.40699072356215216
Eva Longoria,Ozuna,2024-08-12,2024-11-24,90,8,81,105,2024-08-12,49,2024-08-29,8,17,album,7,False,199850,3.3308333333333335,Peak Phase,0.9777777777777777,3–3.5 min,6–10 tracks,80–90,2024-08,0.1890909090909091,0.9777777777777777,0.8571428571428572,0.6261125541125541
Extasisssssss,Saiko,2024-12-20,2025-01-31,43,18,75,43,2024-12-20,37,2024-12-22,18,2,single,2,False,116666,1.9444333333333332,Growth Phase,1.0,<2.5 min,2–5 tracks,70–80,2024-12,0.07636363636363637,1.0,0.653061224489796,0.5264638218923934
FANTASÍAS,Mora,2024-08-30,2024-09-04,6,9,78,6,2024-08-30,9,2024-08-30,9,0,album,15,True,191847,3.19745,New Entry,1.0,3–3.5 min,11–15 tracks,70–80,2024-08,0.00909090909090909,1.0,0.8367346938775511,0.5546567717996289
FARDOS,JC Reyes & De La Ghetto,2025-02-18,2025-07-30,160,1,82,163,2025-02-18,14,2025-02-22,1,4,single,1,False,183335,3.0555833333333333,Peak Phase,0.98125,3–3.5 min,Single,80–90,2025-02,0.29454545454545455,0.98125,1.0,0.7121931818181818
FERXXO 151,Feid,2024-09-30,2024-11-06,20,17,74,38,2024-09-30,17,2024-09-30,17,0,album,15,False,195320,3.255333333333333,Mature Phase,0.95,3–3.5 min,11–15 tracks,70–80,2024-09,0.06727272727272728,0.95,0.6734693877551021,0.5139499072356215
FERXXO 151,Feid & ICON,2024-08-26,2024-09-29,35,9,83,35,2024-08-26,9,2024-08-26,9,0,single,1,False,195653,3.260883333333333,Peak Phase,1.0,3–3.5 min,Single,80–90,2024-08,0.06181818181818182,1.0,0.8367346938775511,0.575747680890538
FERXXO 30,Feid,2024-10-07,2024-10-13,2,32,76,7,2024-10-07,32,2024-10-07,32,0,album,16,False,173760,2.896,New Entry,0.5,2.5–3 min,16+ tracks,70–80,2024-10,0.01090909090909091,0.5,0.36734693877551017,0.2645677179962894
FERXXO EDITION,Feid,2024-09-30,2024-10-01,2,43,0,2,2024-09-30,43,2024-09-30,43,0,album,15,False,161746,2.6957666666666666,New Entry,1.0,2.5–3 min,11–15 tracks,,2024-09,0.0018181818181818182,1.0,0.1428571428571429,0.3435844155844156
FINA,Bad Bunny,2024-10-14,2024-11-18,36,4,93,36,2024-10-14,4,2024-10-14,4,0,album,22,True,216327,3.60545,Peak Phase,1.0,3.5–4 min,16+ tracks,90+,2024-10,0.06363636363636363,1.0,0.9387755102040817,0.60708719851577
FINALES DE AGOSTO,SAIKO,2025-04-28,2025-04-29,2,40,60,2,2025-04-28,40,2025-04-28,40,0,album,16,False,177034,2.9505666666666666,New Entry,1.0,2.5–3 min,16+ tracks,40–60,2025-04,0.0018181818181818182,1.0,0.20408163265306123,0.3619517625231911
"FLOWHOT (feat. Arcángel, De La Ghetto, Randy)",The Academy: Segunda Misión & Sech & Dalex,2025-03-31,2025-03-31,1,32,53,1,2025-03-31,32,2025-03-31,32,0,album,9,True,233099,3.8849833333333335,New Entry,1.0,3.5–4 min,6–10 tracks,40–60,2025-03,0.0,1.0,0.36734693877551017,0.41020408163265304
FRIKI,Gonzy,2025-05-10,2025-11-26,198,8,77,201,2025-05-10,49,2025-06-26,8,47,single,1,True,189066,3.1511,Peak Phase,0.9848484848484849,3–3.5 min,Single,70–80,2025-05,0.36363636363636365,0.9848484848484849,0.8571428571428572,0.698051948051948
FRÍO,Myke Towers,2025-08-24,2025-08-24,1,36,0,1,2025-08-24,36,2025-08-24,36,0,album,20,True,160373,2.6728833333333335,New Entry,1.0,2.5–3 min,16+ tracks,,2025-08,0.0,1.0,0.2857142857142857,0.3857142857142857
Falsos Recuerdos,Abraham Mateo & Omar Montes,2025-02-01,2025-02-25,24,32,75,25,2025-02-01,50,2025-02-08,32,7,single,1,False,191414,3.1902333333333335,Growth Phase,0.9583333333333334,3–3.5 min,Single,70–80,2025-02,0.04363636363636364,0.9583333333333334,0.36734693877551017,0.4151586270871985
Fecha,Feid & Yandel,2025-04-14,2025-04-18,5,39,76,5,2025-04-14,50,2025-04-17,39,3,single,5,True,188600,3.1433333333333335,New Entry,1.0,3–3.5 min,2–5 tracks,70–80,2025-04,0.007272727272727273,1.0,0.22448979591836737,0.37025602968460114
Fecha - Intro Extended,Renzo Pianciola,2025-04-19,2025-04-20,2,46,15,2,2025-04-19,47,2025-04-20,46,1,single,1,False,189802,3.1633666666666667,New Entry,1.0,3–3.5 min,Single,<40,2025-04,0.0018181818181818182,1.0,0.08163265306122447,0.3252170686456401
Feliz Navidad,José Feliciano,2024-12-25,2024-12-27,3,5,88,3,2024-12-25,5,2024-12-25,5,0,album,15,False,182066,3.0344333333333333,New Entry,1.0,3–3.5 min,11–15 tracks,80–90,2024-12,0.0036363636363636364,1.0,0.9183673469387755,0.576964749536178
Feliz Navidad,Saiko,2024-12-19,2024-12-20,2,36,58,2,2024-12-19,36,2024-12-19,36,0,single,3,False,218282,3.6380333333333335,New Entry,1.0,3.5–4 min,2–5 tracks,40–60,2024-12,0.0018181818181818182,1.0,0.2857142857142857,0.3864415584415584
Figo,DELLAFUENTE & Morad,2024-12-02,2024-12-02,1,44,0,1,2024-12-02,44,2024-12-02,44,0,single,6,False,184565,3.0760833333333335,New Entry,1.0,3–3.5 min,6–10 tracks,,2024-12,0.0,1.0,0.12244897959183676,0.336734693877551
Flow Violento - Remix,YoSoyPlex & Ruven,2024-05-30,2024-06-20,8,46,76,22,2024-05-30,47,2024-06-06,46,7,single,1,True,166533,2.77555,Decline Phase,0.75,2.5–3 min,Single,70–80,2024-05,0.038181818181818185,0.75,0.08163265306122447,0.2647625231910946
Flowers,Miley Cyrus,2024-05-18,2024-06-06,18,44,91,20,2024-05-18,48,2024-05-19,44,1,album,13,False,200600,3.3433333333333333,Decline Phase,0.9444444444444444,3–3.5 min,11–15 tracks,90+,2024-05,0.034545454545454546,0.9444444444444444,0.12244897959183676,0.3338862090290662
Fortnight (feat. Post Malone),Taylor Swift,2025-04-21,2025-04-30,9,24,94,10,2025-04-21,38,2025-04-24,24,3,album,16,False,228965,3.8160833333333333,Growth Phase,0.8888888888888888,3.5–4 min,16+ tracks,90+,2025-04,0.016363636363636365,0.8888888888888888,0.5306122448979591,0.4323957946815089
Fosforito,DELLAFUENTE,2025-06-16,2025-06-16,1,46,29,1,2025-06-16,46,2025-06-16,46,0,album,10,False,178782,2.9797,New Entry,1.0,2.5–3 min,6–10 tracks,<40,2025-06,0.0,1.0,0.08163265306122447,0.32448979591836735
Fruto,Bizarrap & Milo j,2024-10-07,2024-11-11,36,12,91,36,2024-10-07,25,2024-10-12,12,5,single,5,False,132294,2.2049,Growth Phase,1.0,<2.5 min,2–5 tracks,90+,2024-10,0.06363636363636363,1.0,0.7755102040816326,0.5581076066790353
"Fé, Cojones y Paciencia",Eladio Carrion,2025-01-21,2025-01-21,1,38,66,1,2025-01-21,38,2025-01-21,38,0,album,17,True,190243,3.170716666666667,New Entry,1.0,3–3.5 min,16+ tracks,60–70,2025-01,0.0,1.0,0.24489795918367352,0.373469387755102
G-WA,ZHEUS,2025-11-21,2025-11-27,5,39,63,7,2025-11-21,48,2025-11-23,39,2,single,1,True,116107,1.9351166666666666,New Entry,0.6,<2.5 min,Single,60–70,2025-11,0.01090909090909091,0.6,0.22448979591836737,0.2517105751391466
GANGSTER (PQFNEDG),Ovy On The Drums & Quevedo & Yandel,2024-10-21,2024-11-01,12,15,78,12,2024-10-21,15,2024-10-21,15,0,single,1,True,215470,3.5911666666666666,Mature Phase,1.0,3.5–4 min,Single,70–80,2024-10,0.02,1.0,0.7142857142857143,0.5222857142857142
GANGSTERS Y PISTOLAS,Feid,2024-09-30,2024-10-01,2,25,0,2,2024-09-30,25,2024-09-30,25,0,album,15,False,170693,2.844883333333333,New Entry,1.0,2.5–3 min,11–15 tracks,,2024-09,0.0018181818181818182,1.0,0.5102040816326531,0.45378849721706865
GATITA GANGSTER,KAROL G,2024-09-13,2024-11-24,63,30,81,73,2024-09-13,49,2024-10-12,30,29,album,9,True,170920,2.8486666666666665,Growth Phase,0.9841269841269841,2.5–3 min,6–10 tracks,80–90,2024-09,0.13090909090909092,0.9841269841269841,0.40816326530612246,0.47005071119356834
GATITAS SANDUNGUERAS VOL.1,Alvaro Diaz,2025-05-19,2025-07-03,46,12,83,46,2025-05-19,30,2025-06-12,12,24,album,20,False,131853,2.19755,Growth Phase,1.0,<2.5 min,16+ tracks,80–90,2025-05,0.08181818181818182,1.0,0.7755102040816326,0.5653803339517625
GRACIAS POR NADA,Bad Bunny,2024-10-14,2024-10-20,7,11,86,7,2024-10-14,11,2024-10-14,11,0,album,22,True,177450,2.9575,New Entry,1.0,2.5–3 min,16+ tracks,80–90,2024-10,0.01090909090909091,1.0,0.7959183673469388,0.543139146567718
GRAN VÍA,Quevedo,2025-11-24,2025-11-27,4,1,72,4,2025-11-24,1,2025-11-24,1,0,album,18,False,213528,3.5588,New Entry,1.0,3.5–4 min,16+ tracks,70–80,2025-11,0.005454545454545455,1.0,1.0,0.6021818181818182
Gata Only,FloyyMenor,2025-08-10,2025-10-14,55,15,80,66,2025-08-10,15,2025-08-10,15,0,album,7,True,222000,3.7,Mature Phase,0.9272727272727272,3.5–4 min,6–10 tracks,70–80,2025-08,0.11818181818181818,0.9272727272727272,0.7142857142857143,0.5397402597402597
Gata Only,FloyyMenor & Cris Mj,2025-02-24,2025-08-09,162,2,98,167,2025-02-24,41,2025-04-06,2,41,single,1,True,222000,3.7,Peak Phase,0.9753086419753086,3.5–4 min,Single,90+,2025-02,0.3018181818181818,0.9753086419753086,0.9795918367346939,0.7071974163402734
Gata Only (Mashup),Dj Agus Lima,2025-05-09,2025-05-10,2,5,48,2,2025-05-09,5,2025-05-09,5,0,album,9,False,215400,3.59,New Entry,1.0,3.5–4 min,6–10 tracks,40–60,2025-05,0.0018181818181818182,1.0,0.9183673469387755,0.5762374768089054
Gitana (feat. Bryartz),Pablo Chill-E,2025-05-03,2025-06-17,45,15,83,46,2025-05-03,50,2025-05-17,15,14,album,8,True,221714,3.6952333333333334,Growth Phase,0.9777777777777777,3.5–4 min,6–10 tracks,80–90,2025-05,0.08181818181818182,0.9777777777777777,0.7142857142857143,0.5403463203463204
Goteras,Omar Montes & JC Reyes,2025-06-30,2025-11-23,145,1,81,147,2025-06-30,7,2025-07-08,1,8,single,1,False,216450,3.6075,Peak Phase,0.9862068965517241,3.5–4 min,Single,80–90,2025-06,0.26545454545454544,0.9862068965517241,1.0,0.7020438871473353
Gran Día,Mau y Ricky & Guaynaa,2025-05-16,2025-06-01,13,17,72,17,2025-05-16,48,2025-05-31,17,15,single,1,False,193840,3.2306666666666666,Growth Phase,0.8461538461538461,3–3.5 min,Single,70–80,2025-05,0.02909090909090909,0.8461538461538461,0.6734693877551021,0.4675233338090481
Guay,Ozuna & Bad Gyal,2025-04-21,2025-07-20,90,7,79,91,2025-04-21,22,2025-04-27,7,6,single,1,False,210788,3.513133333333333,Peak Phase,0.9888888888888889,3.5–4 min,Single,70–80,2025-04,0.16363636363636364,0.9888888888888889,0.8775510204081632,0.6253865182436611
HABLAME CLARO,Yandel,2025-10-13,2025-10-13,1,47,45,1,2025-10-13,47,2025-10-13,47,0,album,19,True,154969,2.5828166666666665,New Entry,1.0,2.5–3 min,16+ tracks,40–60,2025-10,0.0,1.0,0.061224489795918324,0.3183673469387755
HABLAME CLARO,Yandel & Feid,2025-10-02,2025-10-12,11,12,84,11,2025-10-02,12,2025-10-02,12,0,single,1,True,154969,2.5828166666666665,Mature Phase,1.0,2.5–3 min,Single,80–90,2025-10,0.01818181818181818,1.0,0.7755102040816326,0.5399257884972171
HALO,Quevedo,2025-11-24,2025-11-27,4,7,69,4,2025-11-24,7,2025-11-24,7,0,album,18,False,181261,3.0210166666666667,New Entry,1.0,3–3.5 min,16+ tracks,60–70,2025-11,0.005454545454545455,1.0,0.8775510204081632,0.5654471243042671
HAY LUPITA,Lomiiel,2025-07-12,2025-10-29,103,2,85,110,2025-07-12,32,2025-08-04,2,23,single,1,False,105836,1.7639333333333334,Peak Phase,0.970873786407767,<2.5 min,Single,80–90,2025-07,0.19818181818181818,0.970873786407767,0.9795918367346939,0.6644124142154655
HEY BB,SAIKO,2025-04-28,2025-05-02,5,26,65,5,2025-04-28,26,2025-04-28,26,0,album,16,False,163701,2.72835,New Entry,1.0,2.5–3 min,16+ tracks,60–70,2025-04,0.007272727272727273,1.0,0.4897959183673469,0.449847866419295
HIBIKI,Bad Bunny,2024-10-14,2024-12-01,49,2,92,49,2024-10-14,2,2024-10-14,2,0,album,22,True,208000,3.466666666666667,Peak Phase,1.0,3–3.5 min,16+ tracks,90+,2024-10,0.08727272727272728,1.0,0.9795918367346939,0.628786641929499
Hablame Claro,Yandel & Feid,2025-09-16,2025-10-01,16,5,84,16,2025-09-16,37,2025-09-25,5,9,single,1,True,154969,2.5828166666666665,Peak Phase,1.0,2.5–3 min,Single,80–90,2025-09,0.02727272727272727,1.0,0.9183673469387755,0.5864192949907235
Hala Madrid ...y nada más,Real Madrid,2025-06-03,2025-06-03,1,43,60,1,2025-06-03,43,2025-06-03,43,0,single,1,False,177000,2.95,New Entry,1.0,2.5–3 min,Single,40–60,2025-06,0.0,1.0,0.1428571428571429,0.34285714285714286
Hardaway,Duki,2025-11-03,2025-11-03,1,35,62,1,2025-11-03,35,2025-11-03,35,0,album,15,True,216432,3.6072,New Entry,1.0,3.5–4 min,11–15 tracks,60–70,2025-11,0.0,1.0,0.30612244897959184,0.39183673469387753
Hasta Olvidarte,Mau y Ricky,2025-06-03,2025-06-08,6,23,71,6,2025-06-03,30,2025-06-04,23,1,album,15,False,188862,3.1477,New Entry,1.0,3–3.5 min,11–15 tracks,70–80,2025-06,0.00909090909090909,1.0,0.5510204081632653,0.4689424860853432
Hay Lupita,Megan Koffe,2025-06-28,2025-07-10,13,30,64,13,2025-06-28,43,2025-07-08,30,10,single,1,True,108855,1.81425,Growth Phase,1.0,<2.5 min,Single,60–70,2025-06,0.02181818181818182,1.0,0.40816326530612246,0.4311762523191095
Headshot,Anuel AA,2025-09-22,2025-09-22,1,29,61,1,2025-09-22,29,2025-09-22,29,0,single,1,True,409259,6.820983333333333,New Entry,1.0,>4 min,Single,60–70,2025-09,0.0,1.0,0.4285714285714286,0.4285714285714286
Heavy Is the Crown,Linkin Park,2025-09-27,2025-09-27,1,49,78,1,2025-09-27,49,2025-09-27,49,0,single,2,False,167012,2.783533333333333,New Entry,1.0,2.5–3 min,2–5 tracks,70–80,2025-09,0.0,1.0,0.020408163265306145,0.30612244897959184
Heavyweight,Eladio Carrion,2025-05-04,2025-05-04,1,49,62,1,2025-05-04,49,2025-05-04,49,0,single,5,True,164776,2.7462666666666666,New Entry,1.0,2.5–3 min,2–5 tracks,60–70,2025-05,0.0,1.0,0.020408163265306145,0.30612244897959184
Hermosa Casualidad,Sen Senra & Aitana,2025-06-02,2025-06-09,6,39,61,8,2025-06-02,43,2025-06-06,39,4,single,1,False,205779,3.42965,Decline Phase,0.8333333333333334,3–3.5 min,Single,60–70,2025-06,0.012727272727272728,0.8333333333333334,0.22448979591836737,0.32243784786641927
Hey Lil Mama,Eladio Carrion,2025-01-21,2025-04-13,78,8,86,83,2025-01-21,9,2025-01-25,8,4,album,17,False,216338,3.6056333333333335,Peak Phase,0.9487179487179487,3.5–4 min,16+ tracks,80–90,2025-01,0.14909090909090908,0.9487179487179487,0.8571428571428572,0.6013946053946054
Hey Mor,Ozuna,2024-05-18,2024-09-12,97,30,92,118,2024-05-18,30,2024-05-18,30,0,album,18,False,196600,3.276666666666667,Mature Phase,0.979381443298969,3–3.5 min,16+ tracks,90+,2024-05,0.21272727272727274,0.979381443298969,0.40816326530612246,0.5013543216724365
Historias Por Contar,Operación Triunfo 2023,2025-02-22,2025-02-24,3,28,57,3,2025-02-22,28,2025-02-22,28,0,single,1,False,192042,3.2007,New Entry,1.0,3–3.5 min,Single,40–60,2025-02,0.0036363636363636364,1.0,0.44897959183673475,0.43614842300556583
Holanda,Jhayco,2024-08-04,2025-03-12,219,3,93,221,2024-08-04,47,2024-08-16,3,12,single,1,True,231693,3.86155,Peak Phase,0.9908675799086758,3.5–4 min,Single,90+,2024-08,0.4,0.9908675799086758,0.9591836734693877,0.745015376013419
Holly Jolly Christmas,Michael Bublé,2024-12-25,2024-12-27,3,24,83,3,2024-12-25,24,2024-12-25,24,0,album,16,False,119786,1.9964333333333333,New Entry,1.0,<2.5 min,16+ tracks,80–90,2024-12,0.0036363636363636364,1.0,0.5306122448979591,0.46063821892393314
Houdini,Dua Lipa,2024-11-11,2024-11-17,7,23,89,7,2024-11-11,23,2024-11-11,23,0,single,1,False,185917,3.0986166666666666,New Entry,1.0,3–3.5 min,Single,80–90,2024-11,0.01090909090909091,1.0,0.5510204081632653,0.4696697588126159
Hoy,Valentino Merlo & The La Planta,2025-09-29,2025-10-04,6,13,84,6,2025-09-29,19,2025-10-02,13,3,single,1,False,198495,3.30825,New Entry,1.0,3–3.5 min,Single,80–90,2025-09,0.00909090909090909,1.0,0.7551020408163265,0.5301669758812616
I Can Do It With a Broken Heart,Taylor Swift,2025-04-23,2025-04-23,1,50,82,1,2025-04-23,50,2025-04-23,50,0,album,16,True,218004,3.6334,New Entry,1.0,3.5–4 min,16+ tracks,80–90,2025-04,0.0,1.0,0.0,0.3
IA,Clarent,2025-10-20,2025-11-12,24,1,78,24,2025-10-20,19,2025-11-09,1,20,single,1,True,171428,2.8571333333333335,Peak Phase,1.0,2.5–3 min,Single,70–80,2025-10,0.04181818181818182,1.0,1.0,0.6167272727272727
IA,Clarent & Mora,2025-11-13,2025-11-27,15,1,80,15,2025-11-13,1,2025-11-13,1,0,single,1,True,240000,4.0,Peak Phase,1.0,3.5–4 min,Single,70–80,2025-11,0.025454545454545455,1.0,1.0,0.6101818181818182
IGUALES,Quevedo,2025-11-24,2025-11-27,4,3,71,4,2025-11-24,3,2025-11-24,3,0,album,18,False,183316,3.055266666666667,New Entry,1.0,3–3.5 min,16+ tracks,70–80,2025-11,0.005454545454545455,1.0,0.9591836734693877,0.5899369202226344
IL Capo,Rauw Alejandro,2025-11-17,2025-11-17,1,38,65,1,2025-11-17,38,2025-11-17,38,0,album,18,True,249599,4.159983333333333,New Entry,1.0,>4 min,16+ tracks,60–70,2025-11,0.0,1.0,0.24489795918367352,0.373469387755102
Imagínate,Danny Ocean & Kapo,2025-11-15,2025-11-27,13,15,78,13,2025-11-15,45,2025-11-23,15,8,single,1,True,170365,2.8394166666666667,Growth Phase,1.0,2.5–3 min,Single,70–80,2025-11,0.02181818181818182,1.0,0.7142857142857143,0.523012987012987
Imperio,Duki,2025-11-03,2025-11-23,19,15,76,21,2025-11-03,22,2025-11-09,15,6,album,15,True,168711,2.81185,Mature Phase,0.9473684210526315,2.5–3 min,11–15 tracks,70–80,2025-11,0.03636363636363636,0.9473684210526315,0.7142857142857143,0.5130416951469583
It's Beginning to Look a Lot like Christmas,Michael Bublé,2024-12-25,2024-12-27,3,16,87,3,2024-12-25,16,2024-12-25,16,0,album,21,False,207199,3.453316666666667,New Entry,1.0,3–3.5 min,16+ tracks,80–90,2024-12,0.0036363636363636364,1.0,0.6938775510204082,0.5096178107606679
It's the Most Wonderful Time of the Year,Andy Williams,2024-12-25,2024-12-27,3,12,79,3,2024-12-25,12,2024-12-25,12,0,album,12,False,151000,2.5166666666666666,New Entry,1.0,2.5–3 min,11–15 tracks,70–80,2024-12,0.0036363636363636364,1.0,0.7755102040816326,0.5341076066790352
"Japoni (Feat. Camin, Moncho Chavea, Jthyago & Samueliyo Baby)",Oscar el Ruso & Samuel G & Omar Montes,2025-05-05,2025-06-17,11,45,70,44,2025-05-05,49,2025-06-03,45,29,single,1,False,248010,4.1335,Decline Phase,0.6363636363636364,>4 min,Single,60–70,2025-05,0.07818181818181819,0.6363636363636364,0.10204081632653061,0.25279406307977736
"Japoni (feat. Camin, Moncho Chavea, Jthyago & Samueliyo Baby)",Oscar el Ruso & Samuel G & Omar Montes,2025-01-18,2025-04-01,61,26,77,74,2025-01-18,49,2025-02-25,26,38,single,1,False,248004,4.1334,Growth Phase,0.9508196721311475,>4 min,Single,70–80,2025-01,0.13272727272727272,0.9508196721311475,0.4897959183673469,0.48527558624045736
Jingle Bell Rock,Bobby Helms,2024-12-25,2024-12-27,3,10,94,3,2024-12-25,10,2024-12-25,10,0,single,2,False,130973,2.1828833333333333,New Entry,1.0,<2.5 min,2–5 tracks,90+,2024-12,0.0036363636363636364,1.0,0.8163265306122449,0.5463525046382189
K-POP,Travis Scott & Bad Bunny & The Weeknd,2024-07-23,2024-08-05,14,21,93,14,2024-07-23,21,2024-07-23,21,0,single,1,True,185220,3.087,Mature Phase,1.0,3–3.5 min,Single,90+,2024-07,0.023636363636363636,1.0,0.5918367346938775,0.4870055658627087
KASSANDRA,Quevedo,2025-11-24,2025-11-27,4,2,72,4,2025-11-24,2,2025-11-24,2,0,album,18,False,183172,3.0528666666666666,New Entry,1.0,3–3.5 min,16+ tracks,70–80,2025-11,0.005454545454545455,1.0,0.9795918367346939,0.5960593692022262
KTM,Jhayco & Bryant Myers & Luar La L,2025-03-24,2025-03-28,4,16,70,5,2025-03-24,16,2025-03-24,16,0,single,1,True,366760,6.112666666666667,New Entry,0.75,>4 min,Single,60–70,2025-03,0.007272727272727273,0.75,0.6938775510204082,0.43607235621521334
Khé?,Rauw Alejandro,2025-11-17,2025-11-27,11,8,83,11,2025-11-17,18,2025-11-23,8,6,album,18,False,206066,3.4344333333333332,Peak Phase,1.0,3–3.5 min,16+ tracks,80–90,2025-11,0.01818181818181818,1.0,0.8571428571428572,0.5644155844155845
LA 125,Quevedo,2025-11-24,2025-11-27,4,10,67,4,2025-11-24,10,2025-11-24,10,0,album,18,False,194286,3.2381,New Entry,1.0,3–3.5 min,16+ tracks,60–70,2025-11,0.005454545454545455,1.0,0.8163265306122449,0.5470797773654916
LA BABY,Tainy,2024-07-02,2024-07-12,11,25,78,11,2024-07-02,25,2024-07-02,25,0,album,19,False,182857,3.047616666666667,Mature Phase,1.0,3–3.5 min,16+ tracks,70–80,2024-07,0.01818181818181818,1.0,0.5102040816326531,0.4603339517625232
LA CAPI,Myke Towers,2024-12-14,2025-09-25,233,13,81,286,2024-12-14,41,2025-01-22,13,39,album,23,True,202360,3.3726666666666665,Growth Phase,0.9613733905579399,3–3.5 min,16+ tracks,80–90,2024-12,0.5181818181818182,0.9613733905579399,0.7551020408163265,0.7222153566850071
LA FALDA,Myke Towers,2024-11-25,2025-11-23,359,1,94,364,2024-11-25,3,2025-02-18,1,85,album,23,True,174229,2.9038166666666667,Peak Phase,0.9860724233983287,2.5–3 min,16+ tracks,90+,2024-11,0.66,0.9860724233983287,1.0,0.8598217270194985
LA INOCENTE,Mora,2024-05-30,2024-08-11,31,45,90,74,2024-05-30,49,2024-06-21,45,22,album,15,True,202173,3.36955,Decline Phase,0.8387096774193549,3–3.5 min,11–15 tracks,80–90,2024-05,0.13272727272727272,0.8387096774193549,0.10204081632653061,0.33531605721467467
LA MARINA STA MORENA,Figa Flawas,2025-08-07,2025-10-15,69,19,73,70,2025-08-07,49,2025-09-04,19,28,single,1,False,131332,2.1888666666666667,Growth Phase,0.9855072463768116,<2.5 min,Single,70–80,2025-08,0.12545454545454546,0.9855072463768116,0.6326530612244898,0.5356299104622086
LA NENA,Lyanno & Rauw Alejandro,2025-04-21,2025-05-25,27,25,80,35,2025-04-21,47,2025-04-27,25,6,single,1,True,200040,3.334,Growth Phase,0.9629629629629629,3–3.5 min,Single,70–80,2025-04,0.06181818181818182,0.9629629629629629,0.5102040816326531,0.4666773861059575
LA RANGER (feat. Myke Towers),The Academy: Segunda Misión & Justin Quiles & Lenny Tavárez,2025-03-31,2025-07-16,107,3,83,108,2025-03-31,7,2025-04-11,3,11,album,9,True,229738,3.8289666666666666,Peak Phase,0.9906542056074766,3.5–4 min,6–10 tracks,80–90,2025-03,0.19454545454545455,0.9906542056074766,0.9591836734693877,0.6627695455412411
LA REINA,Lola Indigo,2025-06-16,2025-11-26,162,4,80,164,2025-06-16,17,2025-06-20,4,4,single,1,False,150000,2.5,Peak Phase,0.9876543209876543,<2.5 min,Single,70–80,2025-06,0.2963636363636364,0.9876543209876543,0.9387755102040817,0.6964744039029753
LA RIJANA,SAIKO,2025-04-28,2025-04-29,2,41,60,2,2025-04-28,41,2025-04-28,41,0,album,16,False,137172,2.2862,New Entry,1.0,<2.5 min,16+ tracks,40–60,2025-04,0.0018181818181818182,1.0,0.18367346938775508,0.35582931354359926
LA SEVILLANA,Omar Montes,2025-04-14,2025-05-04,21,3,77,21,2025-04-14,19,2025-04-20,3,6,single,1,False,220346,3.672433333333333,Peak Phase,1.0,3.5–4 min,Single,70–80,2025-04,0.03636363636363636,1.0,0.9591836734693877,0.6023005565862708
LA SEVILLANA - SEVILLANAS,Omar Montes,2025-05-05,2025-07-03,60,8,77,60,2025-05-05,8,2025-05-05,8,0,single,1,False,220346,3.672433333333333,Peak Phase,1.0,3.5–4 min,Single,70–80,2025-05,0.10727272727272727,1.0,0.8571428571428572,0.6000519480519481
LA VUELTA,Feid,2024-12-02,2024-12-02,1,48,0,1,2024-12-02,48,2024-12-02,48,0,album,10,False,121920,2.032,New Entry,1.0,<2.5 min,6–10 tracks,,2024-12,0.0,1.0,0.04081632653061229,0.3122448979591837
LA ÚLTIMA,Quevedo,2025-02-03,2025-03-23,48,1,84,49,2025-02-03,1,2025-02-03,1,0,single,1,False,170322,2.8387,Peak Phase,0.9791666666666666,2.5–3 min,Single,80–90,2025-02,0.08727272727272728,0.9791666666666666,1.0,0.6286590909090908
LAGUNA,Mora,2024-08-30,2024-09-02,4,11,76,4,2024-08-30,11,2024-08-30,11,0,album,15,True,246593,4.109883333333333,New Entry,1.0,>4 min,11–15 tracks,70–80,2024-08,0.005454545454545455,1.0,0.7959183673469388,0.5409573283858997
LALA,Myke Towers,2024-06-29,2025-09-24,310,1,99,453,2024-06-29,42,2024-07-05,1,6,album,23,True,197920,3.2986666666666666,Peak Phase,0.9935483870967742,3–3.5 min,16+ tracks,90+,2024-06,0.8218181818181818,0.9935483870967742,1.0,0.9267917888563051
LAS BABYS,Aitana,2024-06-09,2024-08-29,82,4,83,82,2024-06-09,5,2024-06-11,4,2,single,1,False,153827,2.5637833333333333,Peak Phase,1.0,2.5–3 min,Single,80–90,2024-06,0.14727272727272728,1.0,0.9387755102040817,0.6405417439703154
LATTE (feat. Maria Becerra),The Academy: Segunda Misión & Sech & Dalex,2025-03-31,2025-03-31,1,43,53,1,2025-03-31,43,2025-03-31,43,0,album,9,True,260534,4.342233333333334,New Entry,1.0,>4 min,6–10 tracks,40–60,2025-03,0.0,1.0,0.1428571428571429,0.34285714285714286
LOKITA,Mora,2024-08-30,2024-09-02,4,13,75,4,2024-08-30,13,2024-08-30,13,0,album,15,True,154154,2.5692333333333335,New Entry,1.0,2.5–3 min,11–15 tracks,70–80,2024-08,0.005454545454545455,1.0,0.7551020408163265,0.5287124304267161
LOS DÍAS CONTADOS,Quevedo,2025-11-24,2025-11-27,4,4,70,4,2025-11-24,4,2025-11-24,4,0,album,18,False,161943,2.69905,New Entry,1.0,2.5–3 min,16+ tracks,60–70,2025-11,0.005454545454545455,1.0,0.9387755102040817,0.5838144712430426
LOS PITS,Bad Bunny,2024-10-14,2024-10-20,7,20,85,7,2024-10-14,20,2024-10-14,20,0,album,22,True,250851,4.18085,New Entry,1.0,>4 min,16+ tracks,80–90,2024-10,0.01090909090909091,1.0,0.6122448979591837,0.4880371057513915
LUCES DE TECNO,Feid,2024-09-30,2025-02-03,124,7,82,127,2024-09-30,7,2024-09-30,7,0,album,15,False,163786,2.7297666666666665,Peak Phase,0.9919354838709677,2.5–3 min,11–15 tracks,80–90,2024-09,0.2290909090909091,0.9919354838709677,0.8775510204081632,0.6524823149201029
LUNA,Feid,2024-12-02,2025-11-27,357,2,97,361,2024-12-02,28,2025-01-11,2,40,album,10,False,196800,3.28,Peak Phase,0.988795518207283,3–3.5 min,6–10 tracks,90+,2024-12,0.6545454545454545,0.988795518207283,0.9795918367346939,0.8523343883007748
LUNA,SAIKO,2025-04-28,2025-05-09,12,9,70,12,2025-04-28,9,2025-04-28,9,0,album,16,False,240923,4.015383333333333,Peak Phase,1.0,>4 min,16+ tracks,60–70,2025-04,0.02,1.0,0.8367346938775511,0.5590204081632653
LUNCH,Billie Eilish,2025-05-19,2025-05-30,12,20,95,12,2025-05-19,34,2025-05-25,20,6,album,10,False,179586,2.9931,Growth Phase,1.0,2.5–3 min,6–10 tracks,90+,2025-05,0.02,1.0,0.6122448979591837,0.49167346938775514
La Baby,Brytiago,2024-11-03,2024-12-02,16,3,74,30,2024-11-03,42,2024-11-30,3,27,single,1,True,161333,2.6888833333333335,Peak Phase,0.6875,2.5–3 min,Single,70–80,2024-11,0.05272727272727273,0.6875,0.9591836734693877,0.5150960111317253
La Bachata,Manuel Turizo,2024-05-18,2025-11-19,538,11,88,551,2024-05-18,24,2025-01-01,11,228,album,15,False,162637,2.7106166666666667,Growth Phase,0.9888475836431226,2.5–3 min,11–15 tracks,80–90,2024-05,1.0,0.9888475836431226,0.7959183673469388,0.9354297852970184
La Bebe - Remix,Yng Lvcas & Peso Pluma,2024-05-18,2024-08-29,104,10,100,104,2024-05-18,13,2024-06-01,10,14,single,2,True,234352,3.905866666666667,Peak Phase,1.0,3.5–4 min,2–5 tracks,90+,2024-05,0.18727272727272729,1.0,0.8163265306122449,0.6198070500927644
La Canción Feliz Del Disco,Eladio Carrion,2025-01-21,2025-01-24,4,13,75,4,2025-01-21,13,2025-01-21,13,0,album,17,True,173524,2.8920666666666666,New Entry,1.0,2.5–3 min,16+ tracks,70–80,2025-01,0.005454545454545455,1.0,0.7551020408163265,0.5287124304267161
La Fiesta,Pedro Capó,2024-05-18,2024-06-27,17,30,76,41,2024-05-18,36,2024-05-20,30,2,album,10,False,201044,3.3507333333333333,Mature Phase,0.8235294117647058,3–3.5 min,6–10 tracks,70–80,2024-05,0.07272727272727272,0.8235294117647058,0.40816326530612246,0.3985987122121576
La Gata Bajo La Lluvia,Naiara,2025-01-25,2025-01-25,1,46,55,1,2025-01-25,46,2025-01-25,46,0,single,1,False,164678,2.7446333333333333,New Entry,1.0,2.5–3 min,Single,40–60,2025-01,0.0,1.0,0.08163265306122447,0.32448979591836735
La Jumpa,Arcángel,2024-05-18,2024-06-23,37,36,87,37,2024-05-18,42,2024-05-29,36,11,album,18,True,255693,4.26155,Decline Phase,1.0,>4 min,16+ tracks,80–90,2024-05,0.06545454545454546,1.0,0.2857142857142857,0.41189610389610387
La Rizos [Dime Si Le Comento a la Pura],Las 2K & Chardo Chardemio & Melody Records International,2025-08-25,2025-11-06,69,22,74,74,2025-08-25,41,2025-09-15,22,21,single,1,False,218119,3.6353166666666668,Growth Phase,0.9855072463768116,3.5–4 min,Single,70–80,2025-08,0.13272727272727272,0.9855072463768116,0.5714285714285714,0.520171654432524
La Torre Picasso,Arde Bogotá,2025-09-15,2025-09-15,1,46,50,1,2025-09-15,46,2025-09-15,46,0,single,1,False,484573,8.076216666666667,New Entry,1.0,>4 min,Single,40–60,2025-09,0.0,1.0,0.08163265306122447,0.32448979591836735
La Vida Sin Ti,Rels B,2025-04-28,2025-06-29,63,8,82,63,2025-04-28,11,2025-05-02,8,4,album,13,False,164470,2.7411666666666665,Peak Phase,1.0,2.5–3 min,11–15 tracks,80–90,2025-04,0.11272727272727273,1.0,0.8571428571428572,0.6022337662337662
La Vida Sin Ti,Rels B & Lia Kali,2025-04-25,2025-04-27,3,15,73,3,2025-04-25,15,2025-04-25,15,0,single,1,False,164470,2.7411666666666665,New Entry,1.0,2.5–3 min,Single,70–80,2025-04,0.0036363636363636364,1.0,0.7142857142857143,0.5157402597402597
La roja baila - Himno oficial de la selección española,Sergio Ramos & Niña Pastori & RedOne,2025-07-15,2025-07-16,2,9,58,2,2025-07-15,9,2025-07-15,9,0,single,1,False,235384,3.9230666666666667,New Entry,1.0,3.5–4 min,Single,40–60,2025-07,0.0018181818181818182,1.0,0.8367346938775511,0.551747680890538
La_Original.mp3,Emilia,2024-11-04,2025-06-03,202,10,85,212,2024-11-04,24,2025-03-08,10,124,album,13,False,140625,2.34375,Peak Phase,0.9801980198019802,<2.5 min,11–15 tracks,80–90,2024-11,0.3836363636363636,0.9801980198019802,0.8163265306122449,0.6924119105788129
Las Bratz (Remix),Aissa & JC Reyes & Saiko,2024-05-18,2024-05-27,10,44,76,10,2024-05-18,49,2024-05-20,44,2,single,1,True,444631,7.410516666666667,Decline Phase,1.0,>4 min,Single,70–80,2024-05,0.016363636363636365,1.0,0.12244897959183676,0.3432801484230055
Last Christmas - Single Version,Wham!,2024-12-23,2024-12-27,5,4,89,5,2024-12-23,49,2024-12-25,4,2,album,16,False,265960,4.432666666666667,New Entry,1.0,>4 min,16+ tracks,80–90,2024-12,0.007272727272727273,1.0,0.9387755102040817,0.5845417439703153
Let It Snow! Let It Snow! Let It Snow!,Dean Martin,2024-12-25,2024-12-27,3,15,95,3,2024-12-25,15,2024-12-25,15,0,album,12,False,117146,1.9524333333333332,New Entry,1.0,<2.5 min,11–15 tracks,90+,2024-12,0.0036363636363636364,1.0,0.7142857142857143,0.5157402597402597
Let It Snow! Let It Snow! Let It Snow! (with The B. Swanson Quartet),Frank Sinatra,2024-12-25,2024-12-25,1,33,91,1,2024-12-25,33,2024-12-25,33,0,album,14,False,155453,2.590883333333333,New Entry,1.0,2.5–3 min,11–15 tracks,90+,2024-12,0.0,1.0,0.34693877551020413,0.40408163265306124
Like I Can (feat. Aitana),Sam Smith & Aitana,2025-08-10,2025-08-10,1,42,38,1,2025-08-10,42,2025-08-10,42,0,single,1,False,166707,2.77845,New Entry,1.0,2.5–3 min,Single,<40,2025-08,0.0,1.0,0.16326530612244894,0.34897959183673466
Lo Que Tiene,Morad & Beny Jr & Rvfv,2025-03-10,2025-11-23,254,5,82,259,2025-03-10,12,2025-03-13,5,3,single,1,False,259200,4.32,Peak Phase,0.9803149606299213,>4 min,Single,80–90,2025-03,0.4690909090909091,0.9803149606299213,0.9183673469387755,0.7572410559069727
Lo que no ves de mí,Juanjo Bona,2025-04-18,2025-04-18,1,38,69,1,2025-04-18,38,2025-04-18,38,0,single,1,False,144000,2.4,New Entry,1.0,<2.5 min,Single,60–70,2025-04,0.0,1.0,0.24489795918367352,0.373469387755102
Lollipop,Darell,2024-10-02,2025-01-17,105,1,95,108,2024-10-02,43,2024-10-21,1,19,album,18,True,199946,3.3324333333333334,Peak Phase,0.9904761904761905,3–3.5 min,16+ tracks,90+,2024-10,0.19454545454545455,0.9904761904761905,1.0,0.674961038961039
Los del Espacio,LIT killah,2024-06-04,2025-02-16,257,2,95,258,2024-06-04,16,2024-06-09,2,5,single,1,False,338000,5.633333333333334,Peak Phase,0.9961089494163424,>4 min,Single,90+,2024-06,0.4672727272727273,0.9961089494163424,0.9795918367346939,0.7796193267544018
Los Ángeles,Aitana,2024-05-18,2024-08-05,80,20,84,80,2024-05-18,20,2024-05-18,20,0,single,1,False,158483,2.641383333333333,Mature Phase,1.0,2.5–3 min,Single,80–90,2024-05,0.14363636363636365,1.0,0.6122448979591837,0.5411280148423006
Luchas Mentales,Eladio Carrion,2025-01-21,2025-01-21,1,43,66,1,2025-01-21,43,2025-01-21,43,0,album,17,False,166835,2.7805833333333334,New Entry,1.0,2.5–3 min,16+ tracks,60–70,2025-01,0.0,1.0,0.1428571428571429,0.34285714285714286
Luna llena,Beny Jr,2025-07-31,2025-11-27,119,4,77,120,2025-07-31,40,2025-10-14,4,75,album,13,False,169846,2.830766666666667,Peak Phase,0.9915966386554622,2.5–3 min,11–15 tracks,70–80,2025-07,0.21636363636363637,0.9915966386554622,0.9387755102040817,0.6656570992033177
M.A.I,Milo j,2025-01-17,2025-04-30,100,4,89,104,2025-01-17,40,2025-01-31,4,14,album,9,False,184027,3.0671166666666667,Peak Phase,0.97,3–3.5 min,6–10 tracks,80–90,2025-01,0.18727272727272729,0.97,0.9387755102040817,0.6475417439703154
MALA SUERTE,Lola Indigo & DELLAFUENTE,2024-09-03,2024-09-09,7,32,69,7,2024-09-03,36,2024-09-06,32,3,single,1,False,215142,3.5857,New Entry,1.0,3.5–4 min,Single,60–70,2024-09,0.01090909090909091,1.0,0.36734693877551017,0.4145677179962894
MAREA,Mora,2024-08-30,2024-08-31,2,24,69,2,2024-08-30,24,2024-08-30,24,0,album,15,True,148082,2.4680333333333335,New Entry,1.0,<2.5 min,11–15 tracks,60–70,2024-08,0.0018181818181818182,1.0,0.5306122448979591,0.45991094619666045
MEDIA LUNA,Mora,2024-08-30,2024-09-21,14,5,81,23,2024-08-30,5,2024-08-30,5,0,album,15,False,134948,2.2491333333333334,Peak Phase,0.9285714285714286,<2.5 min,11–15 tracks,80–90,2024-08,0.04,0.9285714285714286,0.9183673469387755,0.5700816326530612
MEJOR ASÍ,Myke Towers,2025-08-24,2025-08-24,1,37,0,1,2025-08-24,37,2025-08-24,37,0,album,20,True,219480,3.658,New Entry,1.0,3.5–4 min,16+ tracks,,2025-08,0.0,1.0,0.26530612244897955,0.3795918367346939
MEMORIAS,Mora,2024-05-18,2024-05-27,10,39,82,10,2024-05-18,43,2024-05-23,39,5,album,15,False,228750,3.8125,Decline Phase,1.0,3.5–4 min,11–15 tracks,80–90,2024-05,0.016363636363636365,1.0,0.22448979591836737,0.3738923933209647
MERCEDES CAROTA,Bad Bunny,2024-10-14,2024-10-21,8,17,86,8,2024-10-14,17,2024-10-14,17,0,album,22,True,202635,3.37725,Mature Phase,1.0,3–3.5 min,16+ tracks,80–90,2024-10,0.012727272727272728,1.0,0.6734693877551021,0.5071317254174397
MERCHO,LiL CaKe & Migrantes,2024-05-18,2024-08-29,104,21,90,104,2024-05-18,25,2024-05-29,21,11,single,1,False,161451,2.69085,Mature Phase,1.0,2.5–3 min,Single,80–90,2024-05,0.18727272727272729,1.0,0.5918367346938775,0.5524601113172541
MI DROGA,Myke Towers,2024-05-18,2024-05-20,3,46,81,3,2024-05-18,46,2024-05-18,46,0,album,23,True,163240,2.720666666666667,New Entry,1.0,2.5–3 min,16+ tracks,80–90,2024-05,0.0036363636363636364,1.0,0.08163265306122447,0.3259443413729128
MI EX TENÍA RAZÓN,KAROL G,2024-08-13,2025-07-31,22,16,85,353,2024-08-13,16,2024-08-13,16,0,album,9,False,154374,2.5729,Mature Phase,0.9545454545454546,2.5–3 min,6–10 tracks,80–90,2024-08,0.64,0.9545454545454546,0.6938775510204082,0.7505269016697589
MIENTRAS ME CURO DEL CORA,KAROL G,2025-07-24,2025-08-02,10,37,82,10,2025-07-24,47,2025-07-28,37,4,album,17,False,164386,2.7397666666666667,Growth Phase,1.0,2.5–3 min,16+ tracks,80–90,2025-07,0.016363636363636365,1.0,0.26530612244897955,0.3861372912801484
MODELITO,Mora,2024-09-09,2025-06-17,279,4,85,282,2024-09-09,50,2024-11-12,4,64,album,14,True,190496,3.174933333333333,Peak Phase,0.989247311827957,3–3.5 min,11–15 tracks,80–90,2024-09,0.5109090909090909,0.989247311827957,0.9387755102040817,0.782770482973248
MOJABI GHOST,Tainy,2024-07-02,2024-08-03,33,6,94,33,2024-07-02,6,2024-07-02,6,0,album,19,True,232131,3.86885,Peak Phase,1.0,3.5–4 min,16+ tracks,90+,2024-07,0.05818181818181818,1.0,0.8979591836734694,0.5926604823747681
MONACO,Bad Bunny,2024-10-14,2025-01-12,78,1,98,91,2024-10-14,1,2024-10-14,1,0,album,22,True,267194,4.453233333333333,Peak Phase,0.9743589743589743,>4 min,16+ tracks,90+,2024-10,0.16363636363636364,0.9743589743589743,1.0,0.6577622377622376
MR. MOONDIAL,Quevedo,2025-11-24,2025-11-27,4,5,70,4,2025-11-24,6,2025-11-25,5,1,album,18,False,165762,2.7627,New Entry,1.0,2.5–3 min,16+ tracks,60–70,2025-11,0.005454545454545455,1.0,0.9183673469387755,0.5776920222634507
MR. OCTOBER,Bad Bunny,2024-10-14,2024-10-21,8,7,88,8,2024-10-14,7,2024-10-14,7,0,album,22,True,189258,3.1543,Peak Phase,1.0,3–3.5 min,16+ tracks,80–90,2024-10,0.012727272727272728,1.0,0.8775510204081632,0.5683562152133581
Ma Meilleure Ennemie (from the series Arcane League of Legends),Stromae & Pomme & Arcane,2025-11-27,2025-11-27,1,38,77,1,2025-11-27,38,2025-11-27,38,0,single,1,False,147973,2.4662166666666665,New Entry,1.0,<2.5 min,Single,70–80,2025-11,0.0,1.0,0.24489795918367352,0.373469387755102
Madrid City,Ana Mena,2024-09-30,2025-04-15,181,13,79,198,2024-09-30,16,2025-01-03,13,95,single,1,False,172727,2.8787833333333332,Mature Phase,0.9834254143646409,2.5–3 min,Single,70–80,2024-09,0.35818181818181816,0.9834254143646409,0.7551020408163265,0.6648309638270175
Mal de amores,Natos y Waor & Israel B,2025-02-11,2025-02-17,4,29,64,7,2025-02-11,45,2025-02-15,29,4,single,1,False,255071,4.2511833333333335,New Entry,0.75,>4 min,Single,60–70,2025-02,0.01090909090909091,0.75,0.4285714285714286,0.35793506493506494
Malicia,DELLAFUENTE,2025-06-16,2025-06-21,6,29,50,6,2025-06-16,29,2025-06-16,29,0,album,10,False,177500,2.9583333333333335,New Entry,1.0,2.5–3 min,6–10 tracks,40–60,2025-06,0.00909090909090909,1.0,0.4285714285714286,0.43220779220779226
Mama's Boy,Eladio Carrion,2025-01-21,2025-01-21,1,34,66,1,2025-01-21,34,2025-01-21,34,0,album,17,False,222272,3.7045333333333335,New Entry,1.0,3.5–4 min,16+ tracks,60–70,2025-01,0.0,1.0,0.326530612244898,0.3979591836734694
Mamasota,Manuel Turizo & Yandel,2025-03-15,2025-03-15,1,50,78,1,2025-03-15,50,2025-03-15,50,0,single,1,False,216424,3.607066666666667,New Entry,1.0,3.5–4 min,Single,70–80,2025-03,0.0,1.0,0.0,0.3
Mami Chula,Jhayco & Quevedo,2024-05-18,2024-09-18,118,6,86,124,2024-05-18,6,2024-05-18,6,0,single,1,False,220600,3.6766666666666667,Peak Phase,0.9915254237288136,3.5–4 min,Single,80–90,2024-05,0.22363636363636363,0.9915254237288136,0.8979591836734694,0.6562999276752304
Mamichula - con Nicki Nicole,Trueno,2025-02-18,2025-04-05,44,7,89,47,2025-02-18,49,2025-03-04,7,14,album,10,False,219201,3.65335,Peak Phase,0.9318181818181818,3.5–4 min,6–10 tracks,80–90,2025-02,0.08363636363636363,0.9318181818181818,0.8775510204081632,0.576265306122449
Manos Rotas,DELLAFUENTE & Morad,2024-11-18,2025-11-23,329,1,85,371,2024-11-18,13,2024-11-29,1,11,single,1,False,168594,2.8099,Peak Phase,0.9574468085106383,2.5–3 min,Single,80–90,2024-11,0.6727272727272727,0.9574468085106383,1.0,0.8563249516441007
Maquillaje,Renn & Yexel,2025-03-21,2025-06-02,65,18,83,74,2025-03-21,50,2025-04-08,18,18,single,1,True,211969,3.5328166666666667,Growth Phase,0.9538461538461539,3.5–4 min,Single,80–90,2025-03,0.13272727272727272,0.9538461538461539,0.653061224489796,0.535163122591694
Maquillaje - Remix,Renn & Myke Towers & Nio Garcia,2025-07-10,2025-07-14,4,25,76,5,2025-07-10,37,2025-07-14,25,4,single,1,True,286283,4.7713833333333335,New Entry,0.75,>4 min,Single,70–80,2025-07,0.007272727272727273,0.75,0.5102040816326531,0.3809703153988868
Maquillaje - Remix,refracted arg,2025-04-21,2025-04-24,4,32,52,4,2025-04-21,32,2025-04-21,32,0,album,7,False,207342,3.4557,New Entry,1.0,3–3.5 min,6–10 tracks,40–60,2025-04,0.005454545454545455,1.0,0.36734693877551017,0.4123858998144712
Martini,Dei V,2025-05-02,2025-11-23,150,7,76,206,2025-05-02,40,2025-06-17,7,46,single,1,True,164365,2.7394166666666666,Peak Phase,0.9466666666666667,2.5–3 min,Single,70–80,2025-05,0.37272727272727274,0.9466666666666667,0.8775510204081632,0.696356215213358
Me has invitado a bailar,Dani Fernández,2025-09-04,2025-11-27,85,15,71,85,2025-09-04,47,2025-10-31,15,57,single,1,False,192906,3.2151,Growth Phase,1.0,3–3.5 min,Single,70–80,2025-09,0.15272727272727274,1.0,0.7142857142857143,0.5753766233766233
Mencionar,Eladio Carrion,2025-01-21,2025-01-21,1,42,66,1,2025-01-21,42,2025-01-21,42,0,album,17,False,141818,2.3636333333333335,New Entry,1.0,<2.5 min,16+ tracks,60–70,2025-01,0.0,1.0,0.16326530612244894,0.34897959183673466
Mi Cuarto,Tiago PZK & Rels B,2025-10-27,2025-10-27,1,46,58,1,2025-10-27,46,2025-10-27,46,0,single,1,False,131688,2.1948,New Entry,1.0,<2.5 min,Single,40–60,2025-10,0.0,1.0,0.08163265306122447,0.32448979591836735
Mi Lova,Bad Gyal & Myke Towers,2024-07-09,2024-08-18,41,14,80,41,2024-07-09,14,2024-07-09,14,0,single,1,True,220173,3.66955,Mature Phase,1.0,3.5–4 min,Single,70–80,2024-07,0.07272727272727272,1.0,0.7346938775510203,0.5494990723562152
Mi Luz (ft. Rels B),Rvfv,2024-10-23,2025-10-18,172,32,81,361,2024-10-23,50,2025-10-11,32,353,album,15,False,168000,2.8,Growth Phase,0.9186046511627907,2.5–3 min,11–15 tracks,80–90,2024-10,0.6545454545454545,0.9186046511627907,0.36734693877551017,0.6476036587996721
Mi Nena Remix,Maikel Delacalle & Quevedo,2024-05-18,2024-06-10,24,26,82,24,2024-05-18,28,2024-05-19,26,1,single,1,False,220000,3.6666666666666665,Mature Phase,1.0,3.5–4 min,Single,80–90,2024-05,0.04181818181818182,1.0,0.4897959183673469,0.46366604823747676
Mil Mujeres,Rauw Alejandro,2025-11-17,2025-11-17,1,36,65,1,2025-11-17,36,2025-11-17,36,0,album,18,True,168922,2.815366666666667,New Entry,1.0,2.5–3 min,16+ tracks,60–70,2025-11,0.0,1.0,0.2857142857142857,0.3857142857142857
"Milo J: Bzrp Music Sessions, Vol. 57",Bizarrap & Milo j,2024-10-07,2025-02-10,59,1,89,127,2024-10-07,1,2024-10-07,1,0,single,1,False,189901,3.165016666666667,Peak Phase,0.9661016949152542,3–3.5 min,Single,80–90,2024-10,0.2290909090909091,0.9661016949152542,1.0,0.6814668721109398
"Milo J: Bzrp Music Sessions, Vol. 57",Paul Thin,2025-02-01,2025-02-02,2,39,56,2,2025-02-01,39,2025-02-01,39,0,single,1,False,153024,2.5504,New Entry,1.0,2.5–3 min,Single,40–60,2025-02,0.0018181818181818182,1.0,0.22448979591836737,0.36807421150278297
Mirame,Blessd & Ovy On The Drums,2025-07-15,2025-07-30,16,13,88,16,2025-07-15,31,2025-07-19,13,4,single,1,True,157453,2.624216666666667,Growth Phase,1.0,2.5–3 min,Single,80–90,2025-07,0.02727272727272727,1.0,0.7551020408163265,0.5374397031539888
Mis Tías,Juanjo Bona,2025-07-21,2025-07-23,2,44,62,3,2025-07-21,44,2025-07-21,44,0,single,1,False,158400,2.64,New Entry,0.5,2.5–3 min,Single,60–70,2025-07,0.0036363636363636364,0.5,0.12244897959183676,0.18818923933209647
My Love,De La Ghetto & Quevedo,2024-06-04,2024-07-01,27,36,78,28,2024-06-04,42,2024-06-15,36,11,single,1,False,214123,3.5687166666666665,Decline Phase,0.9629629629629629,3.5–4 min,Single,70–80,2024-06,0.04909090909090909,0.9629629629629629,0.2857142857142857,0.39423953823953817
NADIE SABE,Bad Bunny,2024-10-14,2024-10-28,15,3,89,15,2024-10-14,3,2024-10-14,3,0,album,22,True,379058,6.317633333333333,Peak Phase,1.0,>4 min,16+ tracks,80–90,2024-10,0.025454545454545455,1.0,0.9591836734693877,0.5979369202226344
NANA DEL HILO ROJO,SAIKO,2025-04-28,2025-05-02,5,16,68,5,2025-04-28,16,2025-04-28,16,0,album,16,False,163893,2.73155,New Entry,1.0,2.5–3 min,16+ tracks,60–70,2025-04,0.007272727272727273,1.0,0.6938775510204082,0.5110723562152133
NO ME QUIERO CASAR,Bad Bunny,2024-10-14,2024-10-19,6,22,84,6,2024-10-14,22,2024-10-14,22,0,album,22,True,225654,3.7609,New Entry,1.0,3.5–4 min,16+ tracks,80–90,2024-10,0.00909090909090909,1.0,0.5714285714285714,0.4750649350649351
NO PIENSO LLAMAR,Soge Culebra,2024-10-14,2025-03-02,140,7,73,140,2024-10-14,41,2024-12-23,7,70,album,13,False,198352,3.3058666666666667,Peak Phase,1.0,3–3.5 min,11–15 tracks,70–80,2024-10,0.25272727272727274,1.0,0.8775510204081632,0.6643562152133581
NO PIENSO LLAMAR,Soge Culebra & Quevedo & GARABATTO,2024-10-07,2024-10-13,7,16,72,7,2024-10-07,16,2024-10-07,16,0,single,1,False,198352,3.3058666666666667,New Entry,1.0,3–3.5 min,Single,70–80,2024-10,0.01090909090909091,1.0,0.6938775510204082,0.5125269016697588
NOEMÚ,Quevedo,2025-11-24,2025-11-27,4,15,67,4,2025-11-24,15,2025-11-24,15,0,album,18,False,206910,3.4485,New Entry,1.0,3–3.5 min,16+ tracks,60–70,2025-11,0.005454545454545455,1.0,0.7142857142857143,0.5164675324675324
Narcotics (with Bryant Myers),Dei V & Bryant Myers,2024-10-04,2025-06-11,188,15,85,251,2024-10-04,35,2024-12-28,15,85,single,1,True,173991,2.89985,Growth Phase,0.9787234042553191,2.5–3 min,Single,80–90,2024-10,0.45454545454545453,0.9787234042553191,0.7142857142857143,0.6897209173804918
"Natanael Cano: Bzrp Music Sessions, Vol. 59",Bizarrap & Natanael Cano,2025-04-06,2025-04-13,8,32,83,8,2025-04-06,34,2025-04-07,32,1,single,1,True,155888,2.598133333333333,Decline Phase,1.0,2.5–3 min,Single,80–90,2025-04,0.012727272727272728,1.0,0.36734693877551017,0.41529499072356213
New Woman (feat. ROSALÍA),LISA & ROSALÍA,2025-08-17,2025-08-30,14,15,91,14,2025-08-17,15,2025-08-17,15,0,single,1,False,179789,2.9964833333333334,Mature Phase,1.0,2.5–3 min,Single,90+,2025-08,0.023636363636363636,1.0,0.7142857142857143,0.5237402597402597
Ni Me Conozco,Rauw Alejandro,2025-11-17,2025-11-22,6,26,75,6,2025-11-17,26,2025-11-17,26,0,album,18,True,229787,3.8297833333333333,New Entry,1.0,3.5–4 min,16+ tracks,70–80,2025-11,0.00909090909090909,1.0,0.4897959183673469,0.4505751391465677
Niña Bonita,Feid & Sean Paul,2024-05-18,2024-08-08,83,13,90,83,2024-05-18,14,2024-05-19,13,1,single,1,False,187653,3.12755,Mature Phase,1.0,3–3.5 min,Single,80–90,2024-05,0.14909090909090908,1.0,0.7551020408163265,0.5861669758812615
No Digas Na,Feid & Yandel,2025-04-17,2025-04-20,4,48,74,4,2025-04-17,50,2025-04-18,48,1,single,5,False,208386,3.4731,New Entry,1.0,3–3.5 min,2–5 tracks,70–80,2025-04,0.005454545454545455,1.0,0.04081632653061229,0.31442671614100187
No Estuviste En Lo Malo,Morad,2024-05-18,2024-06-23,11,46,77,37,2024-05-18,47,2024-05-31,46,13,album,19,False,247680,4.128,Decline Phase,0.7272727272727273,>4 min,16+ tracks,70–80,2024-05,0.06545454545454546,0.7272727272727273,0.08163265306122447,0.2688534322820037
No Estuviste En Lo Malo - REMIX,Morad & Beny Jr & DELLAFUENTE,2024-10-07,2025-01-31,112,12,78,117,2024-10-07,12,2024-10-07,12,0,single,1,False,268320,4.472,Mature Phase,0.9642857142857143,>4 min,Single,70–80,2024-10,0.2109090909090909,0.9642857142857143,0.7755102040816326,0.6063024118738404
No Has Cambiado,Baby Rasta & Noriel & Hades66,2025-10-13,2025-11-27,24,11,71,46,2025-10-13,45,2025-10-15,11,2,single,1,True,276404,4.606733333333334,Growth Phase,0.7916666666666666,>4 min,Single,70–80,2025-10,0.08181818181818182,0.7916666666666666,0.7959183673469388,0.5090027829313544
No Te Quieren Conmigo,Gaby Music & Lunay & Luar La L,2024-12-20,2025-04-10,110,4,89,112,2024-12-20,50,2025-01-10,4,21,single,1,False,252040,4.200666666666667,Peak Phase,0.9818181818181818,>4 min,Single,80–90,2024-12,0.2018181818181818,0.9818181818181818,0.9387755102040817,0.6569053803339517
No Te Quieren Conmigo - Remix,Gaby Music & Anuel AA & Luar La L,2025-04-07,2025-04-27,21,17,77,21,2025-04-07,17,2025-04-07,17,0,single,1,False,328226,5.470433333333333,Mature Phase,1.0,>4 min,Single,70–80,2025-04,0.03636363636363636,1.0,0.6734693877551021,0.5165862708719852
No soy Eterno,Bizarrap & Milo j,2024-10-07,2024-10-13,7,27,80,7,2024-10-07,42,2024-10-10,27,3,single,5,False,151468,2.5244666666666666,New Entry,1.0,2.5–3 min,2–5 tracks,70–80,2024-10,0.01090909090909091,1.0,0.4693877551020408,0.44517996289424855
No_Se_Ve.mp3,Emilia,2024-11-04,2025-02-09,75,32,77,98,2024-11-04,39,2024-11-05,32,1,album,13,False,203636,3.3939333333333335,Decline Phase,0.9733333333333334,3–3.5 min,11–15 tracks,70–80,2024-11,0.17636363636363636,0.9733333333333334,0.36734693877551017,0.47274953617810755
No_se_ve.mp3,Emilia & LUDMILLA & ZECCA,2024-06-08,2024-11-03,134,13,89,149,2024-06-08,47,2024-08-25,13,78,single,1,True,203636,3.3939333333333335,Growth Phase,0.9925373134328358,3–3.5 min,Single,80–90,2024-06,0.2690909090909091,0.9925373134328358,0.7551020408163265,0.6319281699111123
Nochentera,Vicco,2024-05-18,2025-01-09,156,9,83,237,2024-05-18,11,2024-05-27,9,9,single,1,False,202184,3.3697333333333335,Peak Phase,0.9807692307692307,3–3.5 min,Single,80–90,2024-05,0.4290909090909091,0.9807692307692307,0.8367346938775511,0.7168875410303981
Nueva Era,Duki,2025-11-03,2025-11-27,25,3,83,25,2025-11-03,8,2025-11-08,3,5,album,15,True,217547,3.625783333333333,Peak Phase,1.0,3.5–4 min,11–15 tracks,80–90,2025-11,0.04363636363636364,1.0,0.9591836734693877,0.6052096474953617
NÚMERO TELEFÓNICO,SAIKO,2025-04-28,2025-05-09,12,14,72,12,2025-04-28,14,2025-04-28,14,0,album,16,True,190000,3.1666666666666665,Mature Phase,1.0,3–3.5 min,16+ tracks,70–80,2025-04,0.02,1.0,0.7346938775510203,0.5284081632653062
OA,Anuel AA & Quevedo & Maluma,2024-10-16,2025-04-27,192,3,88,194,2024-10-16,8,2024-11-11,3,26,single,1,True,235200,3.92,Peak Phase,0.9895833333333334,3.5–4 min,Single,80–90,2024-10,0.3509090909090909,0.9895833333333334,0.9591836734693877,0.7249937384044527
OBVIO,Myke Towers,2024-11-25,2024-11-25,1,25,0,1,2024-11-25,25,2024-11-25,25,0,album,23,True,162447,2.70745,New Entry,1.0,2.5–3 min,16+ tracks,,2024-11,0.0,1.0,0.5102040816326531,0.4530612244897959
OTRA NOCHE,Myke Towers & Darell,2025-08-20,2025-08-23,4,36,69,4,2025-08-20,41,2025-08-23,36,3,single,1,True,224120,3.735333333333333,New Entry,1.0,3.5–4 min,Single,60–70,2025-08,0.005454545454545455,1.0,0.2857142857142857,0.38789610389610385
OTRA NOCHE (feat. Darell),Myke Towers,2025-08-24,2025-11-16,85,11,73,85,2025-08-24,12,2025-09-07,11,14,album,20,True,224120,3.735333333333333,Mature Phase,1.0,3.5–4 min,16+ tracks,70–80,2025-08,0.15272727272727274,1.0,0.7959183673469388,0.5998664192949907
OTRA OPORTUNIDAD,Myke Towers,2025-08-24,2025-08-24,1,25,0,1,2025-08-24,25,2025-08-24,25,0,album,20,True,169026,2.8171,New Entry,1.0,2.5–3 min,16+ tracks,,2025-08,0.0,1.0,0.5102040816326531,0.4530612244897959
OTRO ROUND,Myke Towers,2024-11-25,2024-11-25,1,50,0,1,2024-11-25,50,2024-11-25,50,0,album,23,True,134131,2.235516666666667,New Entry,1.0,<2.5 min,16+ tracks,,2024-11,0.0,1.0,0.0,0.3
Ohnana,Kapo,2025-07-04,2025-11-27,145,2,89,147,2025-07-04,40,2025-08-01,2,28,single,1,False,156577,2.6096166666666667,Peak Phase,0.9862068965517241,2.5–3 min,Single,80–90,2025-07,0.26545454545454544,0.9862068965517241,0.9795918367346939,0.6959214381677435
Omega (feat. Ralphie Choo),ROSALÍA,2025-09-27,2025-10-10,14,3,73,14,2025-09-27,3,2025-09-27,3,0,single,1,False,169500,2.825,Peak Phase,1.0,2.5–3 min,Single,70–80,2025-09,0.023636363636363636,1.0,0.9591836734693877,0.5972096474953617
Orgullosa De Papá,Cano,2025-11-01,2025-11-23,6,45,59,23,2025-11-01,48,2025-11-16,45,15,album,10,False,174174,2.9029,Decline Phase,0.6666666666666666,2.5–3 min,6–10 tracks,40–60,2025-11,0.04,0.6666666666666666,0.10204081632653061,0.24661224489795916
Oye BB,Omar Montes & Nicky Jam,2024-11-11,2024-11-11,1,43,25,1,2024-11-11,43,2024-11-11,43,0,single,1,False,147662,2.4610333333333334,New Entry,1.0,<2.5 min,Single,<40,2024-11,0.0,1.0,0.1428571428571429,0.34285714285714286
PA' LA VUELTA,Eladio Carrion & Morad,2024-08-06,2024-08-06,1,49,62,1,2024-08-06,49,2024-08-06,49,0,single,1,True,224041,3.7340166666666668,New Entry,1.0,3.5–4 min,Single,60–70,2024-08,0.0,1.0,0.020408163265306145,0.30612244897959184
PASAJERO,Mora,2024-08-30,2024-10-13,45,4,83,45,2024-08-30,4,2024-08-30,4,0,album,15,False,149538,2.4923,Peak Phase,1.0,<2.5 min,11–15 tracks,80–90,2024-08,0.08,1.0,0.9387755102040817,0.6136326530612244
PASIEMPRE,Tainy,2024-07-02,2024-07-20,19,21,87,19,2024-07-02,24,2024-07-05,21,3,album,19,True,355795,5.929916666666666,Mature Phase,1.0,>4 min,16+ tracks,80–90,2024-07,0.03272727272727273,1.0,0.5918367346938775,0.49064192949907237
PELIGROSA,FloyyMenor,2025-07-31,2025-11-27,119,3,84,120,2025-07-31,49,2025-09-08,3,39,single,1,True,134930,2.2488333333333332,Peak Phase,0.9915966386554622,<2.5 min,Single,80–90,2025-07,0.21636363636363637,0.9915966386554622,0.9591836734693877,0.6717795481829094
PERREO LENTO,Chris Jedi & Gaby Music & Dei V,2025-03-01,2025-03-29,27,28,75,29,2025-03-01,46,2025-03-07,28,6,single,5,True,156640,2.6106666666666665,Growth Phase,0.9259259259259259,2.5–3 min,2–5 tracks,70–80,2025-03,0.05090909090909091,0.9259259259259259,0.44897959183673475,0.43283529169243457
PERRO NEGRO,Bad Bunny,2024-10-14,2025-05-31,195,2,97,230,2024-10-14,5,2024-10-17,2,3,album,22,True,162767,2.7127833333333333,Peak Phase,0.9846153846153847,2.5–3 min,16+ tracks,90+,2024-10,0.4163636363636364,0.9846153846153847,0.9795918367346939,0.755807620950478
PERROS&GATA$,Nicki Nicole & SAIKO,2025-07-04,2025-07-07,4,45,68,4,2025-07-04,45,2025-07-04,45,0,single,1,False,179612,2.993533333333333,New Entry,1.0,2.5–3 min,Single,60–70,2025-07,0.005454545454545455,1.0,0.10204081632653061,0.3327940630797773
PIDE,Mora,2024-08-30,2024-09-02,4,15,75,4,2024-08-30,15,2024-08-30,15,0,album,15,True,207903,3.46505,New Entry,1.0,3–3.5 min,11–15 tracks,70–80,2024-08,0.005454545454545455,1.0,0.7142857142857143,0.5164675324675324
PIRIBIRI,JC Reyes & Pedro Calderon,2024-08-09,2024-09-29,41,37,75,52,2024-08-09,49,2024-09-17,37,39,single,1,False,176727,2.94545,Growth Phase,0.9512195121951219,2.5–3 min,Single,70–80,2024-08,0.09272727272727273,0.9512195121951219,0.26530612244897955,0.4020485994841395
PLAYA DEL INGLÉS,Quevedo,2024-05-18,2024-12-12,159,15,85,209,2024-05-18,15,2024-05-18,15,0,album,16,False,237525,3.95875,Mature Phase,0.9937106918238994,3.5–4 min,16+ tracks,80–90,2024-05,0.3781818181818182,0.9937106918238994,0.7142857142857143,0.6636716491056114
POLARIS - Remix,SAIKO,2025-04-28,2025-05-09,12,31,66,12,2025-04-28,32,2025-04-29,31,1,album,16,True,288000,4.8,Decline Phase,1.0,>4 min,16+ tracks,60–70,2025-04,0.02,1.0,0.3877551020408163,0.4243265306122449
POLARIS - Remix,SAIKO & Feid & Quevedo,2025-03-02,2025-04-20,48,31,83,50,2025-03-02,34,2025-04-01,31,30,single,1,True,288000,4.8,Decline Phase,0.9583333333333334,>4 min,Single,80–90,2025-03,0.0890909090909091,0.9583333333333334,0.3877551020408163,0.4394628942486085
POLARIS - Remix,Saiko & Feid & Quevedo,2024-06-11,2025-03-01,264,1,90,264,2024-06-11,1,2024-06-11,1,0,single,1,True,288000,4.8,Peak Phase,1.0,>4 min,Single,80–90,2024-06,0.4781818181818182,1.0,1.0,0.7912727272727273
POR ATRÁS,Quevedo,2025-11-24,2025-11-27,4,11,68,4,2025-11-24,11,2025-11-24,11,0,album,18,False,171685,2.8614166666666665,New Entry,1.0,2.5–3 min,16+ tracks,60–70,2025-11,0.005454545454545455,1.0,0.7959183673469388,0.5409573283858997
PRIVILEGIOS,Feid,2024-09-30,2024-10-01,2,46,0,2,2024-09-30,46,2024-09-30,46,0,album,15,False,185840,3.0973333333333333,New Entry,1.0,3–3.5 min,11–15 tracks,,2024-09,0.0018181818181818182,1.0,0.08163265306122447,0.3252170686456401
PROVENZA,KAROL G,2025-07-25,2025-07-30,6,45,83,6,2025-07-25,50,2025-07-26,45,1,album,17,False,207626,3.4604333333333335,New Entry,1.0,3–3.5 min,16+ tracks,80–90,2025-07,0.00909090909090909,1.0,0.10204081632653061,0.3342486085343228
PUNTO G,Quevedo,2024-05-18,2025-01-13,162,23,87,241,2024-05-18,27,2024-05-30,23,12,album,16,False,151324,2.5220666666666665,Mature Phase,0.9691358024691358,2.5–3 min,16+ tracks,80–90,2024-05,0.43636363636363634,0.9691358024691358,0.5510204081632653,0.6305923177351749
Pacto (feat. Bryant Myers & Dei V) - Remix,Jay Wheeler & Anuel AA & Hades66,2024-07-29,2024-10-06,66,20,84,70,2024-07-29,36,2024-08-19,20,21,single,1,True,346000,5.766666666666667,Growth Phase,0.9696969696969697,>4 min,Single,80–90,2024-07,0.12545454545454546,0.9696969696969697,0.6122448979591837,0.5247643784786642
Pacto (feat. Luar La L),Jay Wheeler,2024-06-01,2024-07-01,31,38,72,31,2024-06-01,49,2024-06-22,38,21,album,9,True,284021,4.7336833333333335,Growth Phase,1.0,>4 min,6–10 tracks,70–80,2024-06,0.05454545454545454,1.0,0.24489795918367352,0.3952875695732838
Pasaporte,Rauw Alejandro,2025-11-17,2025-11-17,1,43,64,1,2025-11-17,43,2025-11-17,43,0,album,18,False,263451,4.39085,New Entry,1.0,>4 min,16+ tracks,60–70,2025-11,0.0,1.0,0.1428571428571429,0.34285714285714286
Pasaporte,Rauw Alejandro & Mr. Naisgai,2025-09-29,2025-09-29,1,49,63,1,2025-09-29,49,2025-09-29,49,0,single,1,False,266787,4.44645,New Entry,1.0,>4 min,Single,60–70,2025-09,0.0,1.0,0.020408163265306145,0.30612244897959184
Passoa,JHAYCO,2025-09-08,2025-09-27,20,27,70,20,2025-09-08,27,2025-09-08,27,0,album,29,False,309280,5.1546666666666665,Mature Phase,1.0,>4 min,16+ tracks,60–70,2025-09,0.034545454545454546,1.0,0.4693877551020408,0.45463450834879404
Passoa,JHAYCO & Kapo,2025-08-17,2025-09-07,20,19,79,22,2025-08-17,36,2025-08-26,19,9,single,1,False,309280,5.1546666666666665,Growth Phase,0.95,>4 min,Single,70–80,2025-08,0.038181818181818185,0.95,0.6326530612244898,0.4900686456400742
Paz,Morad,2024-05-18,2024-05-20,3,44,66,3,2024-05-18,44,2024-05-18,44,0,album,19,False,186000,3.1,New Entry,1.0,3–3.5 min,16+ tracks,60–70,2024-05,0.0036363636363636364,1.0,0.12244897959183676,0.33818923933209644
Pedro,Jaxomy & Agatino Romero & Raffaella Carrà,2025-04-14,2025-05-21,35,14,92,38,2025-04-14,46,2025-04-21,14,7,single,1,False,144846,2.4141,Growth Phase,0.9714285714285714,<2.5 min,Single,90+,2025-04,0.06727272727272728,0.9714285714285714,0.7346938775510203,0.5387458256029685
Penas de Antaño,Bizarrap & Milo j,2024-10-09,2024-10-12,4,44,78,4,2024-10-09,48,2024-10-10,44,1,single,5,False,201272,3.3545333333333334,New Entry,1.0,3–3.5 min,2–5 tracks,70–80,2024-10,0.005454545454545455,1.0,0.12244897959183676,0.3389165120593692
Perdió Este Culo,Bad Gyal,2025-01-28,2025-02-24,28,18,78,28,2025-01-28,21,2025-01-31,18,3,album,15,True,159253,2.6542166666666667,Mature Phase,1.0,2.5–3 min,11–15 tracks,70–80,2025-01,0.04909090909090909,1.0,0.653061224489796,0.5155547309833024
"Peso Pluma: Bzrp Music Sessions, Vol. 55",Bizarrap & Peso Pluma,2024-06-03,2024-07-01,29,2,98,29,2024-06-03,2,2024-06-03,2,0,single,1,True,188361,3.13935,Peak Phase,1.0,3–3.5 min,Single,90+,2024-06,0.05090909090909091,1.0,0.9795918367346939,0.6142411873840445
Please Please Please,Sabrina Carpenter,2025-06-12,2025-06-20,9,33,91,9,2025-06-12,39,2025-06-18,33,6,single,2,True,186365,3.1060833333333333,Decline Phase,1.0,3–3.5 min,2–5 tracks,90+,2025-06,0.014545454545454545,1.0,0.34693877551020413,0.4098998144712431
Polaris,Saiko,2024-05-18,2024-06-11,25,22,78,25,2024-05-18,35,2024-06-10,22,23,single,3,True,192122,3.2020333333333335,Growth Phase,1.0,3–3.5 min,2–5 tracks,70–80,2024-05,0.04363636363636364,1.0,0.5714285714285714,0.4888831168831168
Potra Salvaje,Isabel Aaiún,2025-07-07,2025-08-28,50,14,67,53,2025-07-07,48,2025-07-18,14,11,album,10,False,199624,3.3270666666666666,Growth Phase,0.94,3–3.5 min,6–10 tracks,60–70,2025-07,0.09454545454545454,0.94,0.7346938775510203,0.5402263450834879
Potra Salvaje - Hard Remix,Isabel Aaiún & Fernando Moreno,2025-05-29,2025-09-24,114,3,80,119,2025-05-29,47,2025-06-18,3,20,single,1,False,342000,5.7,Peak Phase,0.9736842105263158,>4 min,Single,70–80,2025-05,0.21454545454545454,0.9736842105263158,0.9591836734693877,0.6656785470168929
Probemas Mentales,JZAEB & Eix,2025-03-07,2025-03-07,1,48,55,1,2025-03-07,48,2025-03-07,48,0,single,1,True,229151,3.819183333333333,New Entry,1.0,3.5–4 min,Single,40–60,2025-03,0.0,1.0,0.04081632653061229,0.3122448979591837
Problemas Mentales,JZAEB & Eix,2025-03-20,2025-03-22,2,22,68,3,2025-03-20,23,2025-03-22,22,2,single,1,True,229151,3.819183333333333,New Entry,0.5,3.5–4 min,Single,60–70,2025-03,0.0036363636363636364,0.5,0.5714285714285714,0.3228831168831169
"Ptazeta: Bzrp Music Sessions, Vol. 45",Paul Thin & RUSLANA,2025-01-18,2025-01-19,2,42,59,2,2025-01-18,42,2025-01-18,42,0,single,1,False,156973,2.616216666666667,New Entry,1.0,2.5–3 min,Single,40–60,2025-01,0.0018181818181818182,1.0,0.16326530612244894,0.3497068645640074
PÓLVORA,Mora,2024-08-30,2024-09-09,11,8,81,11,2024-08-30,8,2024-08-30,8,0,album,15,True,185326,3.088766666666667,Peak Phase,1.0,3–3.5 min,11–15 tracks,80–90,2024-08,0.01818181818181818,1.0,0.8571428571428572,0.5644155844155845
Q U E V A S H A C E R H O Y ?,Omar Courtz,2025-09-25,2025-11-27,64,1,89,64,2025-09-25,39,2025-10-02,1,7,album,17,False,224022,3.7337,Peak Phase,1.0,3.5–4 min,16+ tracks,80–90,2025-09,0.11454545454545455,1.0,1.0,0.6458181818181818
QLONA,KAROL G,2024-08-19,2025-10-19,342,8,94,427,2024-08-19,37,2024-09-14,8,26,album,9,True,172797,2.87995,Peak Phase,0.9707602339181286,2.5–3 min,6–10 tracks,90+,2024-08,0.7745454545454545,0.9707602339181286,0.8571428571428572,0.8581891091364775
QUE ASCO DE TODO,Quevedo,2025-11-24,2025-11-27,4,19,66,4,2025-11-24,19,2025-11-24,19,0,album,18,False,190304,3.1717333333333335,New Entry,1.0,3–3.5 min,16+ tracks,60–70,2025-11,0.005454545454545455,1.0,0.6326530612244898,0.4919777365491651
QUEVEDO #49 AFTER HOUR THE MIXTAPE,DJ Saot ST,2024-06-04,2024-06-04,1,48,20,1,2024-06-04,48,2024-06-04,48,0,album,49,False,120000,2.0,New Entry,1.0,<2.5 min,16+ tracks,<40,2024-06,0.0,1.0,0.04081632653061229,0.3122448979591837
QUIZÁS SI QUIZÁS NO,Alvaro Diaz & Quevedo,2024-11-25,2024-12-23,29,13,79,29,2024-11-25,13,2024-11-25,13,0,single,1,False,203213,3.3868833333333335,Mature Phase,1.0,3–3.5 min,Single,70–80,2024-11,0.05090909090909091,1.0,0.7551020408163265,0.5468942486085343
Que Me Lleve el Aire,Luis Cortés,2025-10-10,2025-10-17,8,42,67,8,2025-10-10,50,2025-10-13,42,3,single,1,False,170172,2.8362,Decline Phase,1.0,2.5–3 min,Single,60–70,2025-10,0.012727272727272728,1.0,0.16326530612244894,0.35407050092764375
Que te vaya bien,Rvfv,2024-05-18,2024-06-07,21,26,77,21,2024-05-18,26,2024-05-18,26,0,single,1,False,204960,3.416,Mature Phase,1.0,3–3.5 min,Single,70–80,2024-05,0.03636363636363636,1.0,0.4897959183673469,0.4614842300556586
"Quevedo: Bzrp Music Sessions, Vol. 52",Bizarrap & Quevedo,2024-05-18,2025-01-03,133,27,94,231,2024-05-18,31,2024-05-29,27,11,single,1,False,198937,3.3156166666666667,Mature Phase,0.9774436090225563,3–3.5 min,Single,90+,2024-05,0.41818181818181815,0.9774436090225563,0.4693877551020408,0.6013221365101065
Quickie,Dei V,2025-11-19,2025-11-25,7,31,68,7,2025-11-19,49,2025-11-23,31,4,single,1,True,123673,2.0612166666666667,New Entry,1.0,<2.5 min,Single,60–70,2025-11,0.01090909090909091,1.0,0.3877551020408163,0.42069016697588124
Quien Es Dei V?,Dei V,2024-09-24,2025-04-09,196,10,82,198,2024-09-24,37,2024-10-04,10,10,single,1,True,162244,2.704066666666667,Peak Phase,0.9897959183673469,2.5–3 min,Single,80–90,2024-09,0.35818181818181816,0.9897959183673469,0.8163265306122449,0.6851094619666048
Quién es Dei V?,Dei V,2025-06-16,2025-06-16,1,50,13,1,2025-06-16,50,2025-06-16,50,0,album,16,True,162244,2.704066666666667,New Entry,1.0,2.5–3 min,16+ tracks,<40,2025-06,0.0,1.0,0.0,0.3
Qué Pasaría...,Rauw Alejandro,2025-11-17,2025-11-27,11,1,86,11,2025-11-17,1,2025-11-17,1,0,album,18,True,191018,3.1836333333333333,Peak Phase,1.0,3–3.5 min,16+ tracks,80–90,2025-11,0.01818181818181818,1.0,1.0,0.6072727272727272
Qué Pecao,Manuel Turizo,2025-11-24,2025-11-27,4,34,55,4,2025-11-24,34,2025-11-24,34,0,album,12,False,230080,3.8346666666666667,New Entry,1.0,3.5–4 min,11–15 tracks,40–60,2025-11,0.005454545454545455,1.0,0.326530612244898,0.40014100185528756
Qué Pecao,Manuel Turizo & Kapo,2025-10-06,2025-11-23,49,13,77,49,2025-10-06,29,2025-10-13,13,7,single,1,False,230073,3.83455,Growth Phase,1.0,3.5–4 min,Single,70–80,2025-10,0.08727272727272728,1.0,0.7551020408163265,0.5614397031539888
RAPAPA,JC Reyes,2025-10-20,2025-11-26,38,8,71,38,2025-10-20,28,2025-11-01,8,12,single,6,False,120888,2.0148,Peak Phase,1.0,<2.5 min,6–10 tracks,70–80,2025-10,0.06727272727272728,1.0,0.8571428571428572,0.5840519480519482
REAL GANGSTA LOVE,Trueno,2025-06-06,2025-11-16,154,1,92,164,2025-06-06,49,2025-06-12,1,6,album,13,True,145342,2.4223666666666666,Peak Phase,0.9805194805194806,<2.5 min,11–15 tracks,90+,2025-06,0.2963636363636364,0.9805194805194806,1.0,0.7127012987012987
REINA,Mora,2024-08-30,2025-04-17,229,1,89,231,2024-08-30,1,2024-08-30,1,0,album,15,True,211879,3.5313166666666667,Peak Phase,0.9912663755458515,3.5–4 min,11–15 tracks,80–90,2024-08,0.41818181818181815,0.9912663755458515,1.0,0.7646526399364828
REMIX EXCLUSIVO,Feid,2024-05-18,2024-06-04,17,43,88,18,2024-05-18,50,2024-05-20,43,2,single,1,True,206946,3.4491,Decline Phase,0.9411764705882353,3–3.5 min,Single,80–90,2024-05,0.03090909090909091,0.9411764705882353,0.1428571428571429,0.3375737203972498
RITMO DE MEDALLO,Feid,2024-09-30,2024-10-01,2,37,0,2,2024-09-30,37,2024-09-30,37,0,album,15,False,118693,1.9782166666666667,New Entry,1.0,<2.5 min,11–15 tracks,,2024-09,0.0018181818181818182,1.0,0.26530612244897955,0.38031910946196656
RITUAL,Myke Towers,2024-11-25,2024-11-25,1,48,0,1,2024-11-25,48,2024-11-25,48,0,album,23,True,154432,2.5738666666666665,New Entry,1.0,2.5–3 min,16+ tracks,,2024-11,0.0,1.0,0.04081632653061229,0.3122448979591837
RKO,Eladio Carrion,2025-01-21,2025-01-24,4,20,73,4,2025-01-21,20,2025-01-21,20,0,album,17,True,106666,1.7777666666666667,New Entry,1.0,<2.5 min,16+ tracks,70–80,2025-01,0.005454545454545455,1.0,0.6122448979591837,0.4858552875695733
RUEDA,Rvfv,2025-06-02,2025-08-14,70,21,67,74,2025-06-02,47,2025-06-19,21,17,album,20,False,213120,3.552,Growth Phase,0.9571428571428572,3.5–4 min,16+ tracks,60–70,2025-06,0.13272727272727272,0.9571428571428572,0.5918367346938775,0.5177847866419295
Rapeadita LOVE,Rels B,2025-04-28,2025-04-28,1,44,65,1,2025-04-28,44,2025-04-28,44,0,album,13,True,140439,2.34065,New Entry,1.0,<2.5 min,11–15 tracks,60–70,2025-04,0.0,1.0,0.12244897959183676,0.336734693877551
Rapido (with Cris Mj),Dei V,2025-06-16,2025-11-27,162,5,81,165,2025-06-16,33,2025-08-22,5,67,album,16,True,146000,2.433333333333333,Peak Phase,0.9814814814814815,<2.5 min,16+ tracks,80–90,2025-06,0.29818181818181816,0.9814814814814815,0.9183673469387755,0.6892273757988043
Rara Vez,Taiu & Milo j,2024-05-18,2024-12-13,147,15,92,210,2024-05-18,16,2024-05-20,15,2,single,1,False,128677,2.144616666666667,Mature Phase,0.9727891156462585,<2.5 min,Single,90+,2024-05,0.38,0.9727891156462585,0.7142857142857143,0.6581224489795918
"Rauw Alejandro: Bzrp Music Sessions, Vol. 56",Bizarrap & Rauw Alejandro,2024-06-24,2024-10-13,111,1,93,112,2024-06-24,1,2024-06-24,1,0,single,1,True,191254,3.1875666666666667,Peak Phase,0.990990990990991,3–3.5 min,Single,90+,2024-06,0.2018181818181818,0.990990990990991,1.0,0.67802457002457
Razones,Ozuna & Anuel AA & Mambo Kingz,2025-06-30,2025-07-05,6,16,71,6,2025-06-30,16,2025-06-30,16,0,single,1,False,222727,3.7121166666666667,New Entry,1.0,3.5–4 min,Single,70–80,2025-06,0.00909090909090909,1.0,0.6938775510204082,0.5117996289424861
Remember Me,Duki,2024-07-19,2024-07-22,4,43,63,4,2024-07-19,43,2024-07-19,43,0,album,15,False,170624,2.8437333333333332,New Entry,1.0,2.5–3 min,11–15 tracks,60–70,2024-07,0.005454545454545455,1.0,0.1428571428571429,0.34503896103896103
Revolú,Rauw Alejandro,2025-11-17,2025-11-23,7,10,77,7,2025-11-17,10,2025-11-17,10,0,album,18,True,215511,3.59185,New Entry,1.0,3.5–4 min,16+ tracks,70–80,2025-11,0.01090909090909091,1.0,0.8163265306122449,0.5492615955473098
"Ride Or Die, Pt. 2 (with Villano Antillano & Tokischa)",Sevdaliza & Villano Antillano & Tokischa,2025-04-26,2025-05-12,5,26,86,17,2025-04-26,33,2025-04-27,26,1,single,2,True,158728,2.6454666666666666,Mature Phase,0.8,2.5–3 min,2–5 tracks,80–90,2025-04,0.02909090909090909,0.8,0.4897959183673469,0.39857513914656767
RoCKSTAR 2.0,Duki,2024-06-25,2024-07-02,8,16,78,8,2024-06-25,16,2024-06-25,16,0,album,14,True,173729,2.8954833333333334,Mature Phase,1.0,2.5–3 min,11–15 tracks,70–80,2024-06,0.012727272727272728,1.0,0.6938775510204082,0.5132541743970316
RoCKSTAR 2.0,Duki & Jhayco,2024-06-24,2024-06-24,1,14,71,1,2024-06-24,14,2024-06-24,14,0,single,1,True,173729,2.8954833333333334,New Entry,1.0,2.5–3 min,Single,70–80,2024-06,0.0,1.0,0.7346938775510203,0.5204081632653061
Rockin' Around The Christmas Tree,Brenda Lee,2024-12-24,2024-12-27,4,7,98,4,2024-12-24,47,2024-12-25,7,1,album,12,False,126266,2.104433333333333,New Entry,1.0,<2.5 min,11–15 tracks,90+,2024-12,0.005454545454545455,1.0,0.8775510204081632,0.5654471243042671
Romero Santo,DELLAFUENTE,2025-06-16,2025-06-21,5,31,53,6,2025-06-16,31,2025-06-16,31,0,album,10,False,191414,3.1902333333333335,New Entry,0.8,3–3.5 min,6–10 tracks,40–60,2025-06,0.00909090909090909,0.8,0.3877551020408163,0.3599628942486085
Rosas,La Oreja de Van Gogh,2025-10-17,2025-10-26,10,30,81,10,2025-10-17,38,2025-10-19,30,2,album,12,False,237026,3.9504333333333332,Mature Phase,1.0,3.5–4 min,11–15 tracks,80–90,2025-10,0.016363636363636365,1.0,0.40816326530612246,0.4289944341372912
RÁPIDO,Mora,2024-05-18,2024-05-24,7,41,82,7,2024-05-18,41,2024-05-18,41,0,single,1,True,182857,3.047616666666667,New Entry,1.0,3–3.5 min,Single,80–90,2024-05,0.01090909090909091,1.0,0.18367346938775508,0.35946567717996286
S91,KAROL G,2024-07-16,2024-09-04,49,21,89,51,2024-07-16,49,2024-08-13,21,28,single,1,False,173005,2.8834166666666667,Growth Phase,0.9795918367346939,2.5–3 min,Single,80–90,2024-07,0.09090909090909091,0.9795918367346939,0.5918367346938775,0.5077922077922078
SE ME OLVIDA,Maisak & Feid,2025-08-24,2025-11-16,79,11,87,85,2025-08-24,48,2025-09-01,11,8,single,1,True,225373,3.7562166666666665,Growth Phase,0.9746835443037974,3.5–4 min,Single,80–90,2025-08,0.15272727272727274,0.9746835443037974,0.7959183673469388,0.5922714825861299
SE TE NOTA (feat. Peso Pluma),Myke Towers,2025-08-24,2025-08-25,2,27,63,2,2025-08-24,27,2025-08-24,27,0,album,20,True,190106,3.168433333333333,New Entry,1.0,3–3.5 min,16+ tracks,60–70,2025-08,0.0018181818181818182,1.0,0.4693877551020408,0.441543599257885
SEDA,Bad Bunny,2024-10-14,2025-02-13,119,6,90,123,2024-10-14,6,2024-10-14,6,0,album,22,True,190476,3.1746,Peak Phase,0.9831932773109243,3–3.5 min,16+ tracks,80–90,2024-10,0.22181818181818183,0.9831932773109243,0.8979591836734694,0.6530730110225909
SEXO DESENFRENADO,Myke Towers,2025-08-24,2025-08-24,1,45,0,1,2025-08-24,45,2025-08-24,45,0,album,20,True,243360,4.056,New Entry,1.0,>4 min,16+ tracks,,2025-08,0.0,1.0,0.10204081632653061,0.33061224489795915
SEYA,GIMS,2024-10-21,2025-02-27,109,21,75,130,2024-10-21,50,2024-12-20,21,60,album,21,False,188484,3.1414,Growth Phase,0.981651376146789,3–3.5 min,16+ tracks,70–80,2024-10,0.23454545454545456,0.981651376146789,0.5918367346938775,0.5658646150703818
SHIBATTO,Quevedo,2025-11-24,2025-11-27,4,3,71,4,2025-11-24,5,2025-11-26,3,2,album,18,False,138226,2.3037666666666667,New Entry,1.0,<2.5 min,16+ tracks,70–80,2025-11,0.005454545454545455,1.0,0.9591836734693877,0.5899369202226344
SI NO ES CONTIGO,Cris Mj,2025-06-18,2025-09-20,92,31,90,95,2025-06-18,44,2025-08-09,31,52,single,1,True,156000,2.6,Growth Phase,0.967391304347826,2.5–3 min,Single,80–90,2025-06,0.1709090909090909,0.967391304347826,0.3877551020408163,0.47490755828022907
SI SABE FERXXO,Blessd,2025-01-28,2025-02-28,31,27,86,32,2025-01-28,50,2025-02-01,27,4,album,14,True,152500,2.5416666666666665,Growth Phase,0.967741935483871,2.5–3 min,11–15 tracks,80–90,2025-01,0.056363636363636366,0.967741935483871,0.4693877551020408,0.45368436172122806
"SI SI SI SI (feat. Eladio Carrion, Bryant Myers, Dei V)",The Academy: Segunda Misión,2025-03-31,2025-03-31,1,16,42,1,2025-03-31,16,2025-03-31,16,0,album,9,True,241958,4.032633333333333,New Entry,1.0,>4 min,6–10 tracks,40–60,2025-03,0.0,1.0,0.6938775510204082,0.5081632653061224
"SI SI SI SI (feat. Eladio Carrion, Bryant Myers, Dei V)",The Academy: Segunda Misión & Justin Quiles & Lenny Tavárez,2025-04-01,2025-06-08,58,16,76,69,2025-04-01,47,2025-04-12,16,11,album,9,True,241958,4.032633333333333,Growth Phase,0.9655172413793104,>4 min,6–10 tracks,70–80,2025-04,0.12363636363636364,0.9655172413793104,0.6938775510204082,0.547272983174461
SI TE PEGAS,Rauw Alejandro,2024-07-09,2024-07-12,4,30,77,4,2024-07-09,30,2024-07-09,30,0,album,14,True,183652,3.0608666666666666,New Entry,1.0,3–3.5 min,11–15 tracks,70–80,2024-07,0.005454545454545455,1.0,0.40816326530612246,0.42463079777365487
SORRY 4 THAT MUCH,Feid,2025-06-09,2025-07-17,38,9,88,39,2025-06-09,43,2025-06-17,9,8,single,1,True,207746,3.4624333333333333,Peak Phase,0.9736842105263158,3–3.5 min,Single,80–90,2025-06,0.06909090909090909,0.9736842105263158,0.8367346938775511,0.5707620349575238
SPANISH TETEO,Rvfv & Rels B & Omar Montes,2024-09-10,2024-09-11,2,50,63,2,2024-09-10,50,2024-09-10,50,0,single,1,True,181176,3.0196,New Entry,1.0,3–3.5 min,Single,60–70,2024-09,0.0018181818181818182,1.0,0.0,0.30072727272727273
STAR,JC Reyes,2025-10-20,2025-11-27,37,7,73,39,2025-10-20,50,2025-11-15,7,26,single,6,False,156000,2.6,Peak Phase,0.972972972972973,2.5–3 min,6–10 tracks,70–80,2025-10,0.06909090909090909,0.972972972972973,0.8775510204081632,0.5827935616507045
SUPERNOVA,SAIKO,2025-04-28,2025-05-03,6,33,63,6,2025-04-28,33,2025-04-28,33,0,album,16,False,190909,3.1818166666666667,New Entry,1.0,3–3.5 min,16+ tracks,60–70,2025-04,0.00909090909090909,1.0,0.34693877551020413,0.4077179962894249
Sangre y Fe,Cruz Cafuné,2024-05-28,2024-06-16,20,6,74,20,2024-05-28,6,2024-05-28,6,0,album,23,True,231500,3.8583333333333334,Peak Phase,1.0,3.5–4 min,16+ tracks,70–80,2024-05,0.034545454545454546,1.0,0.8979591836734694,0.5832059369202227
Santa,Rvssian,2025-05-22,2025-11-27,188,2,84,190,2025-05-22,2,2025-05-22,2,0,single,2,False,193038,3.2173,Peak Phase,0.9893617021276596,3–3.5 min,2–5 tracks,80–90,2025-05,0.34363636363636363,0.9893617021276596,0.9795918367346939,0.7281406071132515
Santa,Rvssian & Rauw Alejandro & Ayra Starr,2025-04-16,2025-05-21,36,1,93,36,2025-04-16,34,2025-04-21,1,5,single,1,False,193038,3.2173,Peak Phase,1.0,3–3.5 min,Single,90+,2025-04,0.06363636363636363,1.0,1.0,0.6254545454545455
Santa Tell Me,Ariana Grande,2024-12-25,2024-12-27,3,17,96,3,2024-12-25,17,2024-12-25,17,0,single,1,False,204093,3.40155,New Entry,1.0,3–3.5 min,Single,90+,2024-12,0.0036363636363636364,1.0,0.6734693877551021,0.503495361781076
Se Fue,Rauw Alejandro,2025-11-17,2025-11-27,11,5,80,11,2025-11-17,5,2025-11-17,5,0,album,18,False,240179,4.002983333333333,Peak Phase,1.0,>4 min,16+ tracks,70–80,2025-11,0.01818181818181818,1.0,0.9183673469387755,0.5827829313543599
Se Grita,Morad,2024-07-21,2024-08-05,16,46,85,16,2024-07-21,50,2024-07-25,46,4,album,19,True,259627,4.327116666666667,Decline Phase,1.0,>4 min,16+ tracks,80–90,2024-07,0.02727272727272727,1.0,0.08163265306122447,0.3353988868274583
Se Pone Las Nike,Cano,2025-11-06,2025-11-27,22,6,72,22,2025-11-06,49,2025-11-14,6,8,album,10,False,159375,2.65625,Peak Phase,1.0,2.5–3 min,6–10 tracks,70–80,2025-11,0.038181818181818185,1.0,0.8979591836734694,0.5846604823747681
SexeSexy,Mushkaa,2025-03-31,2025-04-13,6,40,57,14,2025-03-31,40,2025-03-31,40,0,album,9,False,232800,3.88,Decline Phase,0.6666666666666666,3.5–4 min,6–10 tracks,40–60,2025-03,0.023636363636363636,0.6666666666666666,0.20408163265306123,0.27067903525046383
"Shakira: Bzrp Music Sessions, Vol. 53",Bizarrap & Shakira,2024-05-18,2024-07-18,61,30,95,62,2024-05-18,33,2024-05-23,30,5,single,1,False,214945,3.5824166666666666,Mature Phase,0.9836065573770492,3.5–4 min,Single,90+,2024-05,0.11090909090909092,0.9836065573770492,0.40816326530612246,0.4618945831685879
Shars 2023,Al Safir,2024-11-30,2024-12-01,2,21,55,2,2024-11-30,21,2024-11-30,21,0,single,1,False,163342,2.722366666666667,New Entry,1.0,2.5–3 min,Single,40–60,2024-11,0.0018181818181818182,1.0,0.5918367346938775,0.478278293135436
Si Antes Te Hubiera Conocido,KAROL G,2025-06-22,2025-11-27,157,1,96,159,2025-06-22,6,2025-07-02,1,10,single,1,False,195824,3.263733333333333,Peak Phase,0.9872611464968153,3–3.5 min,Single,90+,2025-06,0.2872727272727273,0.9872611464968153,1.0,0.7110874348581355
Si La Calle Llama - Remix,Eladio Carrion,2024-05-18,2024-08-29,104,20,87,104,2024-05-18,22,2024-05-19,20,1,album,18,True,240000,4.0,Mature Phase,1.0,3.5–4 min,16+ tracks,80–90,2024-05,0.18727272727272729,1.0,0.6122448979591837,0.558582560296846
Si No Estás,iñigo quintero,2024-09-20,2025-04-03,187,1,99,196,2024-09-20,48,2024-09-29,1,9,single,1,False,184061,3.0676833333333335,Peak Phase,0.9679144385026738,3–3.5 min,Single,90+,2024-09,0.35454545454545455,0.9679144385026738,1.0,0.7321925133689839
Sigo Enamorau',Eladio Carrion,2025-01-21,2025-01-21,1,17,68,1,2025-01-21,17,2025-01-21,17,0,album,17,True,194941,3.249016666666667,New Entry,1.0,3–3.5 min,16+ tracks,60–70,2025-01,0.0,1.0,0.6734693877551021,0.5020408163265306
Sin Gato (MIAU!),Rels B,2024-05-28,2024-06-03,3,45,74,7,2024-05-28,45,2024-05-28,45,0,single,1,False,148800,2.48,New Entry,0.6666666666666666,<2.5 min,Single,70–80,2024-05,0.01090909090909091,0.6666666666666666,0.10204081632653061,0.23497588126159555
Sleigh Ride,The Ronettes,2024-12-25,2024-12-27,3,28,84,3,2024-12-25,28,2024-12-25,28,0,album,15,False,181266,3.0211,New Entry,1.0,3–3.5 min,11–15 tracks,80–90,2024-12,0.0036363636363636364,1.0,0.44897959183673475,0.43614842300556583
Snowman,Sia,2024-12-25,2024-12-27,3,27,94,3,2024-12-25,27,2024-12-25,27,0,album,13,False,165900,2.765,New Entry,1.0,2.5–3 min,11–15 tracks,90+,2024-12,0.0036363636363636364,1.0,0.4693877551020408,0.4422708719851577
Sofi - Remix,Samueliyo Baby & KEVIN ROLDAN,2024-12-12,2024-12-14,3,22,69,3,2024-12-12,22,2024-12-12,22,0,single,1,False,171606,2.8601,New Entry,1.0,2.5–3 min,Single,60–70,2024-12,0.0036363636363636364,1.0,0.5714285714285714,0.4728831168831168
Solita y SueltAAA,Rels B,2024-07-23,2024-07-25,3,49,70,3,2024-07-23,50,2024-07-25,49,2,album,9,False,155789,2.5964833333333335,New Entry,1.0,2.5–3 min,6–10 tracks,60–70,2024-07,0.0036363636363636364,1.0,0.020408163265306145,0.3075769944341373
Soltera,Shakira,2025-09-28,2025-11-27,61,5,87,61,2025-09-28,38,2025-10-14,5,16,single,1,False,214642,3.577366666666667,Peak Phase,1.0,3.5–4 min,Single,80–90,2025-09,0.10909090909090909,1.0,0.9183673469387755,0.6191465677179963
Sonrisa,Eladio Carrion,2025-01-21,2025-01-21,1,16,68,1,2025-01-21,16,2025-01-21,16,0,album,17,True,152380,2.5396666666666667,New Entry,1.0,2.5–3 min,16+ tracks,60–70,2025-01,0.0,1.0,0.6938775510204082,0.5081632653061224
Sport+ RMX,Clarent & Myke Towers,2025-08-15,2025-08-23,9,47,71,9,2025-08-15,48,2025-08-17,47,2,single,1,True,219813,3.66355,Decline Phase,1.0,3.5–4 min,Single,70–80,2025-08,0.014545454545454545,1.0,0.061224489795918324,0.32418552875695733
Suano,NTG & Amenazzy,2025-05-16,2025-08-09,80,6,76,86,2025-05-16,34,2025-06-02,6,17,single,1,True,137264,2.287733333333333,Peak Phase,0.975,<2.5 min,Single,70–80,2025-05,0.15454545454545454,0.975,0.8979591836734694,0.6237059369202227
Supernova,Saiko,2024-05-18,2024-12-16,201,1,85,213,2024-05-18,1,2024-05-18,1,0,single,1,False,190909,3.1818166666666667,Peak Phase,0.9701492537313433,3–3.5 min,Single,80–90,2024-05,0.38545454545454544,0.9701492537313433,1.0,0.7452265943012212
T'as peur,Aya Nakamura,2024-05-18,2024-05-21,4,45,70,4,2024-05-18,45,2024-05-18,45,0,album,15,False,215284,3.5880666666666667,New Entry,1.0,3.5–4 min,11–15 tracks,60–70,2024-05,0.005454545454545455,1.0,0.10204081632653061,0.3327940630797773
TAMBIÉN,Myke Towers,2025-08-24,2025-11-27,88,5,80,96,2025-08-24,41,2025-10-06,5,43,album,20,True,139546,2.3257666666666665,Peak Phase,0.9886363636363636,<2.5 min,16+ tracks,70–80,2025-08,0.17272727272727273,0.9886363636363636,0.9183673469387755,0.6411920222634508
TE FALLÉ,Quevedo,2025-11-24,2025-11-27,4,17,67,4,2025-11-24,17,2025-11-24,17,0,album,18,False,219460,3.6576666666666666,New Entry,1.0,3.5–4 min,16+ tracks,60–70,2025-11,0.005454545454545455,1.0,0.6734693877551021,0.5042226345083488
TELEFONO NUEVO,Bad Bunny,2024-10-14,2024-10-28,15,9,89,15,2024-10-14,9,2024-10-14,9,0,album,22,True,354784,5.9130666666666665,Peak Phase,1.0,>4 min,16+ tracks,80–90,2024-10,0.025454545454545455,1.0,0.8367346938775511,0.5612022263450835
THUNDER Y LIGHTNING,Bad Bunny,2024-10-14,2024-11-17,35,14,87,35,2024-10-14,14,2024-10-14,14,0,album,22,True,217133,3.6188833333333332,Mature Phase,1.0,3.5–4 min,16+ tracks,80–90,2024-10,0.06181818181818182,1.0,0.7346938775510203,0.5451354359925789
TQG,KAROL G,2024-05-18,2025-08-08,120,9,96,448,2024-05-18,9,2024-05-18,9,0,album,17,True,197933,3.2988833333333334,Peak Phase,0.9833333333333333,3–3.5 min,16+ tracks,90+,2024-05,0.8127272727272727,0.9833333333333333,0.8367346938775511,0.8711113172541743
TQMQA,Eladio Carrion,2024-12-17,2025-01-26,32,15,80,41,2024-12-17,47,2025-01-21,15,35,single,1,False,169911,2.83185,Growth Phase,0.9375,2.5–3 min,Single,70–80,2024-12,0.07272727272727272,0.9375,0.7142857142857143,0.5246266233766234
TU$$I (with Dei V),YOVNGCHIMI,2025-03-01,2025-08-16,160,11,79,169,2025-03-01,50,2025-03-19,11,18,album,16,True,163200,2.72,Growth Phase,0.95,2.5–3 min,16+ tracks,70–80,2025-03,0.3054545454545455,0.95,0.7959183673469388,0.6459573283858998
TUYA,ROSALÍA,2024-06-11,2024-07-18,38,6,87,38,2024-06-11,6,2024-06-11,6,0,single,1,True,154551,2.57585,Peak Phase,1.0,2.5–3 min,Single,80–90,2024-06,0.06727272727272728,1.0,0.8979591836734694,0.5962968460111318
Tacos Gucci,Anuel AA,2025-02-18,2025-03-05,13,19,84,16,2025-02-18,32,2025-02-22,19,4,single,1,True,207157,3.4526166666666667,Growth Phase,0.8461538461538461,3–3.5 min,Single,80–90,2025-02,0.02727272727272727,0.8461538461538461,0.6326530612244898,0.4545511631225917
Tanta Droga,Eladio Carrion,2025-01-21,2025-01-21,1,27,68,1,2025-01-21,27,2025-01-21,27,0,album,17,True,248878,4.147966666666667,New Entry,1.0,>4 min,16+ tracks,60–70,2025-01,0.0,1.0,0.4693877551020408,0.4408163265306122
Taste,Sabrina Carpenter,2025-08-29,2025-09-03,6,47,92,6,2025-08-29,48,2025-08-31,47,2,album,12,False,157279,2.6213166666666665,New Entry,1.0,2.5–3 min,11–15 tracks,90+,2025-08,0.00909090909090909,1.0,0.061224489795918324,0.32200371057513916
Tattoo,Loreen,2024-05-18,2024-06-02,16,21,93,16,2024-05-18,21,2024-05-18,21,0,single,1,False,183374,3.056233333333333,Mature Phase,1.0,3–3.5 min,Single,90+,2024-05,0.02727272727272727,1.0,0.5918367346938775,0.4884601113172542
Te Menti,Ozuna & Saiko & Ovy On The Drums,2024-09-19,2024-09-29,11,38,77,11,2024-09-19,44,2024-09-20,38,1,single,1,False,187129,3.1188166666666666,Decline Phase,1.0,3–3.5 min,Single,70–80,2024-09,0.01818181818181818,1.0,0.24489795918367352,0.3807421150278293
Tengo Un Plan,Key-Key,2025-04-04,2025-06-11,69,11,81,69,2025-04-04,39,2025-04-14,11,10,single,1,False,189282,3.1547,Growth Phase,1.0,3–3.5 min,Single,80–90,2025-04,0.12363636363636364,1.0,0.7959183673469388,0.5882300556586271
Thalía,Cyril Kamer,2025-03-15,2025-06-04,81,9,77,82,2025-03-15,45,2025-04-09,9,25,single,1,False,183428,3.0571333333333333,Peak Phase,0.9876543209876543,3–3.5 min,Single,70–80,2025-03,0.14727272727272728,0.9876543209876543,0.8367346938775511,0.6062257953686525
Thalía - Remix,Cyril Kamer & Rvfv & Polimá Westcoast,2025-07-18,2025-08-23,34,25,72,37,2025-07-18,50,2025-08-04,25,17,single,1,False,230857,3.8476166666666667,Growth Phase,0.9117647058823529,3.5–4 min,Single,70–80,2025-07,0.06545454545454546,0.9117647058823529,0.5102040816326531,0.45277245443631997
The Code,Nemo,2025-05-14,2025-05-18,5,24,83,5,2025-05-14,24,2025-05-14,24,0,single,1,False,180141,3.00235,New Entry,1.0,3–3.5 min,Single,80–90,2025-05,0.007272727272727273,1.0,0.5306122448979591,0.4620927643784786
The Emptiness Machine,Linkin Park,2025-09-11,2025-10-02,17,30,93,22,2025-09-11,36,2025-09-13,30,2,single,1,True,190427,3.173783333333333,Mature Phase,0.8823529411764706,3–3.5 min,Single,90+,2025-09,0.038181818181818185,0.8823529411764706,0.40816326530612246,0.4024275892175052
Timeless (with Playboi Carti),The Weeknd & Playboi Carti,2025-09-29,2025-09-29,1,50,79,1,2025-09-29,50,2025-09-29,50,0,single,1,True,256000,4.266666666666667,New Entry,1.0,>4 min,Single,70–80,2025-09,0.0,1.0,0.0,0.3
Todo Contigo,Álvaro De Luna,2024-05-18,2024-09-23,129,12,80,129,2024-05-18,12,2024-05-18,12,0,single,1,False,165527,2.758783333333333,Mature Phase,1.0,2.5–3 min,Single,70–80,2024-05,0.23272727272727273,1.0,0.7755102040816326,0.6257439703153989
Todo Lit,Eladio Carrion,2025-01-21,2025-01-21,1,23,67,1,2025-01-21,23,2025-01-21,23,0,album,17,True,241951,4.032516666666667,New Entry,1.0,>4 min,16+ tracks,60–70,2025-01,0.0,1.0,0.5510204081632653,0.46530612244897956
Toy en el Mic,Bizarrap & Milo j,2024-10-07,2024-10-13,7,24,81,7,2024-10-07,39,2024-10-10,24,3,single,5,True,137053,2.2842166666666666,New Entry,1.0,<2.5 min,2–5 tracks,80–90,2024-10,0.01090909090909091,1.0,0.5306122448979591,0.46354730983302406
Tranquila Baby,Eladio Carrion,2025-01-21,2025-01-21,1,32,67,1,2025-01-21,32,2025-01-21,32,0,album,17,True,128000,2.1333333333333333,New Entry,1.0,<2.5 min,16+ tracks,60–70,2025-01,0.0,1.0,0.36734693877551017,0.41020408163265304
Trato De Estar Bien,Duki,2025-11-03,2025-11-09,5,37,68,7,2025-11-03,37,2025-11-03,37,0,album,15,False,213408,3.5568,New Entry,0.8,3.5–4 min,11–15 tracks,60–70,2025-11,0.01090909090909091,0.8,0.26530612244897955,0.3239554730983302
Trending Remix (with Myke Towers),Dei V,2025-03-03,2025-07-20,137,10,80,140,2025-03-03,45,2025-03-10,10,7,single,1,True,225154,3.7525666666666666,Peak Phase,0.9781021897810219,3.5–4 min,Single,70–80,2025-03,0.25272727272727274,0.9781021897810219,0.8163265306122449,0.6394195252088892
Tu Ritmo,Eladio Carrion,2025-01-21,2025-01-21,1,21,68,1,2025-01-21,21,2025-01-21,21,0,album,17,True,158446,2.6407666666666665,New Entry,1.0,2.5–3 min,16+ tracks,60–70,2025-01,0.0,1.0,0.5918367346938775,0.4775510204081632
Tu Silueta,Diegote,2025-07-14,2025-10-28,106,5,79,107,2025-07-14,15,2025-07-31,5,17,single,1,False,170480,2.8413333333333335,Peak Phase,0.9905660377358491,2.5–3 min,Single,70–80,2025-07,0.19272727272727272,0.9905660377358491,0.9183673469387755,0.6497709244932964
Tú Con Él,Rauw Alejandro,2025-11-17,2025-11-23,7,12,79,7,2025-11-17,12,2025-11-17,12,0,album,18,False,289131,4.81885,New Entry,1.0,>4 min,16+ tracks,70–80,2025-11,0.01090909090909091,1.0,0.7755102040816326,0.5370166975881261
UN DESEO,Mora,2024-08-30,2024-08-31,2,20,69,2,2024-08-30,20,2024-08-30,20,0,album,15,True,218883,3.64805,New Entry,1.0,3.5–4 min,11–15 tracks,60–70,2024-08,0.0018181818181818182,1.0,0.6122448979591837,0.4844007421150278
UN PREVIEW,Bad Bunny,2024-09-27,2024-11-02,37,1,92,37,2024-09-27,1,2024-09-27,1,0,single,1,False,165582,2.7597,Peak Phase,1.0,2.5–3 min,Single,90+,2024-09,0.06545454545454546,1.0,1.0,0.6261818181818182
UNA BACHATA,Lola Indigo,2025-02-04,2025-04-27,77,8,77,83,2025-02-04,8,2025-02-04,8,0,album,7,False,157846,2.6307666666666667,Peak Phase,0.961038961038961,2.5–3 min,6–10 tracks,70–80,2025-02,0.14909090909090908,0.961038961038961,0.8571428571428572,0.6050909090909091
UWAIE,Kapo,2025-08-20,2025-11-27,100,2,89,100,2025-08-20,27,2025-08-29,2,9,single,1,False,172427,2.8737833333333334,Peak Phase,1.0,2.5–3 min,Single,80–90,2025-08,0.18,1.0,0.9795918367346939,0.6658775510204081
Un Desperdicio,Rels B,2025-04-28,2025-05-15,16,29,83,18,2025-04-28,35,2025-05-08,29,10,album,13,False,223783,3.7297166666666666,Mature Phase,0.9375,3.5–4 min,11–15 tracks,80–90,2025-04,0.03090909090909091,0.9375,0.4285714285714286,0.4221850649350649
Un Rodeoooo,Rels B,2024-07-23,2024-09-23,57,36,78,63,2024-07-23,48,2024-08-10,36,18,album,9,False,136082,2.2680333333333333,Growth Phase,0.9824561403508771,<2.5 min,6–10 tracks,70–80,2024-07,0.11272727272727273,0.9824561403508771,0.2857142857142857,0.42554203691045794
Una Foto Remix (feat. Emilia),Mesita & Nicki Nicole & Tiago PZK,2025-01-11,2025-06-15,154,6,92,156,2025-01-11,36,2025-02-01,6,21,single,1,False,243898,4.064966666666667,Peak Phase,0.987012987012987,>4 min,Single,90+,2025-01,0.2818181818181818,0.987012987012987,0.8979591836734694,0.6782189239332097
Una Velita,Bad Bunny,2025-09-22,2025-09-27,6,7,78,6,2025-09-22,7,2025-09-22,7,0,single,1,True,239986,3.9997666666666665,New Entry,1.0,3.5–4 min,Single,70–80,2025-09,0.00909090909090909,1.0,0.8775510204081632,0.5669016697588126
Underneath the Tree,Kelly Clarkson,2024-12-25,2024-12-27,3,22,86,3,2024-12-25,22,2024-12-25,22,0,album,14,False,229640,3.8273333333333333,New Entry,1.0,3.5–4 min,11–15 tracks,80–90,2024-12,0.0036363636363636364,1.0,0.5714285714285714,0.4728831168831168
VAGABUNDO,Sebastian Yatra,2024-09-24,2024-09-26,3,14,44,3,2024-09-24,14,2024-09-24,14,0,album,12,False,215600,3.5933333333333333,New Entry,1.0,3.5–4 min,11–15 tracks,40–60,2024-09,0.0036363636363636364,1.0,0.7346938775510203,0.5218627087198515
VAGABUNDO,Sebastian Yatra & Manuel Turizo & Beéle,2024-05-18,2025-10-16,385,3,91,517,2024-05-18,39,2024-06-04,3,17,single,1,False,215600,3.5933333333333333,Peak Phase,0.9402597402597402,3.5–4 min,Single,90+,2024-05,0.9381818181818182,0.9402597402597402,0.9591836734693877,0.9451057513914656
VENTE CONMIGO,Feid,2024-08-06,2024-08-12,7,22,80,7,2024-08-06,22,2024-08-06,22,0,single,1,False,186000,3.1,New Entry,1.0,3–3.5 min,Single,70–80,2024-08,0.01090909090909091,1.0,0.5714285714285714,0.47579220779220777
VISTA AL MAR,Quevedo,2024-05-21,2024-07-29,33,43,83,70,2024-05-21,50,2024-05-30,43,9,album,16,False,180672,3.0112,Decline Phase,0.9393939393939394,3–3.5 min,16+ tracks,80–90,2024-05,0.12545454545454546,0.9393939393939394,0.1428571428571429,0.37485714285714283
VOLVER,Tainy,2024-07-02,2024-07-02,1,49,69,1,2024-07-02,49,2024-07-02,49,0,album,19,True,185806,3.0967666666666664,New Entry,1.0,3–3.5 min,16+ tracks,60–70,2024-07,0.0,1.0,0.020408163265306145,0.30612244897959184
VOU 787,Bad Bunny,2024-10-14,2024-10-18,5,13,85,5,2024-10-14,13,2024-10-14,13,0,album,22,True,123643,2.0607166666666665,New Entry,1.0,<2.5 min,16+ tracks,80–90,2024-10,0.007272727272727273,1.0,0.7551020408163265,0.5294397031539888
VUELVE CANDY B,Bad Bunny,2024-10-14,2024-10-18,5,19,83,5,2024-10-14,19,2024-10-14,19,0,album,22,True,266171,4.436183333333333,New Entry,1.0,>4 min,16+ tracks,80–90,2024-10,0.007272727272727273,1.0,0.6326530612244898,0.49270500927643784
"VVS Switch (feat. Hades66, Luar La L & CDobleta) - Remix",Pressure 9X19 & Anuel AA & YOVNGCHIMI,2025-03-17,2025-03-30,13,13,79,14,2025-03-17,13,2025-03-17,13,0,single,1,True,555071,9.251183333333334,Mature Phase,0.9230769230769231,>4 min,Single,70–80,2025-03,0.023636363636363636,0.9230769230769231,0.7551020408163265,0.5129082346225203
Vacile,Yan Block,2025-08-15,2025-11-27,105,16,79,105,2025-08-15,36,2025-10-17,16,63,single,1,True,140239,2.3373166666666667,Growth Phase,1.0,<2.5 min,Single,70–80,2025-08,0.1890909090909091,1.0,0.6938775510204082,0.583799628942486
Vida De Rock,Duki,2025-11-03,2025-11-10,8,34,73,8,2025-11-03,36,2025-11-07,34,4,album,15,True,181503,3.02505,Decline Phase,1.0,3–3.5 min,11–15 tracks,70–80,2025-11,0.012727272727272728,1.0,0.326530612244898,0.4030500927643785
WANDA,Quevedo,2024-05-18,2024-12-07,145,18,88,204,2024-05-18,18,2024-05-18,18,0,album,16,False,160909,2.6818166666666667,Mature Phase,0.993103448275862,2.5–3 min,16+ tracks,80–90,2024-05,0.3690909090909091,0.993103448275862,0.653061224489796,0.6414857654660611
WHERE SHE GOES,Bad Bunny,2024-05-21,2024-10-28,154,1,100,161,2024-05-21,1,2024-05-21,1,0,single,1,True,231704,3.8617333333333335,Peak Phase,0.9935064935064936,3.5–4 min,Single,90+,2024-05,0.2909090909090909,0.9935064935064936,1.0,0.7144155844155844
WYA REMIX RED,J Abdiel & De La Rose & Yan Block,2025-06-19,2025-11-16,140,22,84,151,2025-06-19,43,2025-07-12,22,23,single,1,True,321741,5.36235,Growth Phase,0.9642857142857143,>4 min,Single,80–90,2025-06,0.2727272727272727,0.9642857142857143,0.5714285714285714,0.5698051948051948
Whisky,Samuel G & Oscar el Ruso & Aissa,2025-07-17,2025-07-31,15,30,71,15,2025-07-17,41,2025-07-21,30,4,single,1,False,305265,5.08775,Growth Phase,1.0,>4 min,Single,70–80,2025-07,0.025454545454545455,1.0,0.40816326530612246,0.4326307977736549
X'CLUSIVO,Gonzy,2025-01-31,2025-03-09,38,3,81,38,2025-01-31,41,2025-03-02,3,30,single,1,True,175586,2.926433333333333,Peak Phase,1.0,2.5–3 min,Single,80–90,2025-01,0.06727272727272728,1.0,0.9591836734693877,0.6146641929499073
X'CLUSIVO - REMIX,Gonzy,2025-10-13,2025-11-23,42,21,64,42,2025-10-13,21,2025-10-13,21,0,album,18,True,208133,3.4688833333333333,Mature Phase,1.0,3–3.5 min,16+ tracks,60–70,2025-10,0.07454545454545454,1.0,0.5918367346938775,0.5073692022263451
X'CLUSIVO - REMIX,Gonzy & SAIKO & Arcángel,2025-03-03,2025-10-12,220,1,84,224,2025-03-03,1,2025-03-03,1,0,single,1,True,208133,3.4688833333333333,Peak Phase,0.9818181818181818,3–3.5 min,Single,80–90,2025-03,0.40545454545454546,0.9818181818181818,1.0,0.7567272727272727
Xxx_Rosario_xxX,Saiko,2024-12-24,2025-01-05,13,23,71,13,2024-12-24,23,2024-12-24,23,0,album,7,True,188936,3.1489333333333334,Mature Phase,1.0,3–3.5 min,6–10 tracks,70–80,2024-12,0.02181818181818182,1.0,0.5510204081632653,0.4740333951762523
YO LO SOÑÉ,SAIKO,2025-04-28,2025-08-16,109,1,73,111,2025-04-28,3,2025-04-30,1,2,album,16,False,175456,2.9242666666666666,Peak Phase,0.981651376146789,2.5–3 min,16+ tracks,70–80,2025-04,0.2,0.981651376146789,1.0,0.6744954128440367
YO LO SOÑÉ,SAIKO & Omar Montes,2025-04-19,2025-04-27,9,2,75,9,2025-04-19,8,2025-04-25,2,6,single,1,False,175456,2.9242666666666666,Peak Phase,1.0,2.5–3 min,Single,70–80,2025-04,0.014545454545454545,1.0,0.9795918367346939,0.5996957328385899
YO TENGO UN NOVIO,Lola Indigo,2024-12-17,2024-12-24,8,18,63,8,2024-12-17,42,2024-12-21,18,4,album,7,False,144424,2.4070666666666667,Growth Phase,1.0,<2.5 min,6–10 tracks,60–70,2024-12,0.012727272727272728,1.0,0.653061224489796,0.5010092764378479
YOTULOKO,Omar Montes & Rels B,2025-07-14,2025-11-05,114,22,76,115,2025-07-14,36,2025-07-27,22,13,single,1,False,213699,3.56165,Growth Phase,0.9912280701754386,3.5–4 min,Single,70–80,2025-07,0.20727272727272728,0.9912280701754386,0.5714285714285714,0.5517060833902939
Ya es Navidad Popurrí: Ya es Navidad- Zúmbale a la pandereta - Ya vienen los Reyes Magos - Arre Borriquito - Ya es Navidad,Raya Real,2024-12-25,2024-12-25,1,34,50,1,2024-12-25,34,2024-12-25,34,0,album,9,False,262144,4.369066666666667,New Entry,1.0,>4 min,6–10 tracks,40–60,2024-12,0.0,1.0,0.326530612244898,0.3979591836734694
Yandel 150,Yandel,2024-05-18,2024-09-23,125,10,90,129,2024-05-18,10,2024-05-18,10,0,album,17,True,216148,3.6024666666666665,Peak Phase,0.992,3.5–4 min,16+ tracks,80–90,2024-05,0.23272727272727273,0.992,0.8163265306122449,0.6355888682745825
Yankee 150,Yandel & Feid & Daddy Yankee,2024-06-18,2024-06-18,1,46,68,1,2024-06-18,46,2024-06-18,46,0,single,1,True,242667,4.04445,New Entry,1.0,>4 min,Single,60–70,2024-06,0.0,1.0,0.08163265306122447,0.32448979591836735
Yo sé,Yan Block & TORRRES,2025-11-01,2025-11-27,26,8,76,27,2025-11-01,49,2025-11-22,8,21,single,1,True,129705,2.16175,Peak Phase,0.9615384615384616,<2.5 min,Single,70–80,2025-11,0.04727272727272727,0.9615384615384616,0.8571428571428572,0.5645134865134865
"Young Miko: Bzrp Music Sessions, Vol. 58",Bizarrap & Young Miko,2025-01-13,2025-04-26,101,1,95,104,2025-01-13,1,2025-01-13,1,0,single,1,False,187172,3.1195333333333335,Peak Phase,0.9702970297029703,3–3.5 min,Single,90+,2025-01,0.18727272727272729,0.9702970297029703,1.0,0.665998199819982
ZORRA,Nebulossa,2025-02-05,2025-05-18,21,8,75,103,2025-02-05,8,2025-02-05,8,0,single,1,True,183577,3.059616666666667,Peak Phase,0.9523809523809523,3–3.5 min,Single,70–80,2025-02,0.18545454545454546,0.9523809523809523,0.8571428571428572,0.617038961038961
a new star (2 0 2 4),Rels B,2025-05-09,2025-05-30,16,32,76,22,2025-05-09,48,2025-05-16,32,7,album,13,True,142235,2.3705833333333333,Growth Phase,0.875,<2.5 min,11–15 tracks,70–80,2025-05,0.038181818181818185,0.875,0.36734693877551017,0.38797680890538033
caída del cielo <3,Rels B,2025-04-28,2025-05-01,2,38,71,4,2025-04-28,38,2025-04-28,38,0,album,13,True,133220,2.2203333333333335,New Entry,0.5,<2.5 min,11–15 tracks,70–80,2025-04,0.005454545454545455,0.5,0.24489795918367352,0.22565120593692023
do it 4 th€ gram,Cruz Cafuné,2025-07-21,2025-07-21,1,34,54,1,2025-07-21,34,2025-07-21,34,0,single,6,True,150582,2.5097,New Entry,1.0,2.5–3 min,6–10 tracks,40–60,2025-07,0.0,1.0,0.326530612244898,0.3979591836734694
don't liE,Duki,2024-06-25,2024-06-29,5,44,75,5,2024-06-25,49,2024-06-28,44,3,album,14,False,213892,3.5648666666666666,New Entry,1.0,3.5–4 min,11–15 tracks,70–80,2024-06,0.007272727272727273,1.0,0.12244897959183676,0.3396437847866419
haz lo que quieras conmigo,Walls,2025-09-22,2025-10-19,20,33,68,28,2025-09-22,33,2025-09-22,33,0,single,1,False,208603,3.4767166666666665,Decline Phase,0.9,3–3.5 min,Single,60–70,2025-09,0.04909090909090909,0.9,0.34693877551020413,0.3937179962894249
i like the way you kiss me,Artemas,2025-04-04,2025-05-02,21,19,100,29,2025-04-04,48,2025-04-18,19,14,single,1,False,142514,2.3752333333333335,Growth Phase,0.9047619047619048,<2.5 min,Single,90+,2025-04,0.05090909090909091,0.9047619047619048,0.6326530612244898,0.4815881261595547
la noia,Angelina Mango,2025-05-14,2025-05-14,1,47,80,1,2025-05-14,47,2025-05-14,47,0,single,1,False,189124,3.152066666666667,New Entry,1.0,3–3.5 min,Single,70–80,2025-05,0.0,1.0,0.061224489795918324,0.3183673469387755
la raíz d€l mal,Cruz Cafuné,2025-07-21,2025-07-26,4,42,61,6,2025-07-21,42,2025-07-21,42,0,single,6,True,133767,2.22945,New Entry,0.75,<2.5 min,6–10 tracks,60–70,2025-07,0.00909090909090909,0.75,0.16326530612244894,0.2776159554730983
lady madrizZz,céro,2024-11-03,2025-03-02,118,8,79,120,2024-11-03,47,2024-11-16,8,13,single,1,False,131020,2.183666666666667,Peak Phase,0.9915254237288136,<2.5 min,Single,70–80,2024-11,0.21636363636363637,0.9915254237288136,0.8571428571428572,0.6411459388069558
miamor,Aitana,2024-09-24,2024-09-26,3,34,55,3,2024-09-24,34,2024-09-24,34,0,album,15,False,159360,2.656,New Entry,1.0,2.5–3 min,11–15 tracks,40–60,2024-09,0.0036363636363636364,1.0,0.326530612244898,0.3994137291280148
miamor,Aitana & Rels B,2024-08-26,2024-09-23,29,4,79,29,2024-08-26,4,2024-08-26,4,0,single,1,False,159360,2.656,Peak Phase,1.0,2.5–3 min,Single,70–80,2024-08,0.05090909090909091,1.0,0.9387755102040817,0.6019962894248608
m€ntiras,Cruz Cafuné,2025-07-21,2025-07-21,1,43,54,1,2025-07-21,43,2025-07-21,43,0,single,6,True,151841,2.530683333333333,New Entry,1.0,2.5–3 min,6–10 tracks,40–60,2025-07,0.0,1.0,0.1428571428571429,0.34285714285714286
offline,Young Miko,2025-04-07,2025-06-15,69,16,88,70,2025-04-07,26,2025-04-09,16,2,album,16,False,201935,3.3655833333333334,Growth Phase,0.9855072463768116,3–3.5 min,16+ tracks,80–90,2025-04,0.12545454545454546,0.9855072463768116,0.6938775510204082,0.5539972574009842
rang€ rov€r,Cruz Cafuné,2025-07-21,2025-07-21,1,47,53,1,2025-07-21,47,2025-07-21,47,0,single,6,True,117213,1.95355,New Entry,1.0,<2.5 min,6–10 tracks,40–60,2025-07,0.0,1.0,0.061224489795918324,0.3183673469387755
rompeolas,Martin Urrutia,2025-04-12,2025-04-18,2,39,69,7,2025-04-12,45,2025-04-18,39,6,single,1,False,162519,2.70865,New Entry,0.5,2.5–3 min,Single,60–70,2025-04,0.01090909090909091,0.5,0.22448979591836737,0.22171057513914658
un x100to,Grupo Frontera & Bad Bunny,2024-05-18,2024-06-14,27,31,100,28,2024-05-18,34,2024-05-21,31,3,single,1,False,194563,3.2427166666666665,Decline Phase,0.9629629629629629,3–3.5 min,Single,90+,2024-05,0.04909090909090909,0.9629629629629629,0.3877551020408163,0.4248517831374974
vampire,Olivia Rodrigo,2024-07-02,2024-07-02,1,48,85,1,2024-07-02,48,2024-07-02,48,0,single,1,True,219724,3.6620666666666666,New Entry,1.0,3.5–4 min,Single,80–90,2024-07,0.0,1.0,0.04081632653061229,0.3122448979591837
we can't be friends (wait for your love),Ariana Grande,2025-03-11,2025-03-20,8,31,92,10,2025-03-11,46,2025-03-13,31,2,album,13,False,228639,3.81065,Growth Phase,0.75,3.5–4 min,11–15 tracks,90+,2025-03,0.016363636363636365,0.75,0.3877551020408163,0.3478719851576994
"yes, and?",Ariana Grande,2025-01-14,2025-01-20,7,30,94,7,2025-01-14,37,2025-01-18,30,4,single,1,True,214994,3.5832333333333333,New Entry,1.0,3.5–4 min,Single,90+,2025-01,0.01090909090909091,1.0,0.40816326530612246,0.42681261595547304
